Workbook

Sheet main
A1: Rank | B1: Player ID | C1: Player | D1: Last Name | E1: First | F1: Clean Name | G1: Team | H1: Position | I1: ADP | J1: Min Pick | K1: Max Pick | L1: Bye Week | M1: Bye Week 5 | N1: Bye Week 6 | O1: Bye Week 7 | P1: Bye Week 8 | Q1: Bye Week 9 | R1: Bye Week 10 | S1: Bye Week 11 | T1: Bye Week 12 | U1: Bye Week 14 | V1: Is QB | W1: Is RB | X1: Is WR | Y1: Is TE | Z1: Is Flex | AA1: Is Superflex | AB1: PFF PPR | AC1: numberFire PPR | AD1: Rotoballer PPR | AE1: Athletic PPR | AF1: Athletic Half | AG1: Athletic STD | AH1: Week 11 Actual
A2: 1 | B2: 18775 | C2: Chase, Ja'Marr | D2: {=_xlfn.TEXTSPLIT(C2, ", ")} -> Chase | E2: Ja'Marr | F2: =_xlfn.REGEXREPLACE(E2 & " " & D2, "\.", "") -> Ja'Marr Chase | G2: CIN | H2: WR | I2: 1.12 | J2: 1 | K2: 4 | L2: =VLOOKUP(G2,byes!$A:$B,2,FALSE) -> 10 | M2: =IF(L2=5,1,0) -> 0 | N2: =IF(L2=6,1,0) -> 0 | O2: =IF(L2=7,1,0) -> 0 | P2: =IF(L2=8,1,0) -> 0 | Q2: =IF(L2=9,1,0) -> 0 | R2: =IF(L2=10,1,0) -> 1 | S2: =IF(L2=11,1,0) -> 0 | T2: =IF(L2=12,1,0) -> 0 | U2: =IF(L2=14,1,0) -> 0 | V2: =IF(H2="QB", 1, 0) -> 0 | W2: =IF(H2="RB",1,0) -> 0 | X2: =IF(H2="WR",1,0) -> 1 | Y2: =IF(H2="TE",1,0) -> 0 | Z2: =IF(OR(H2="RB",H2="WR",H2="TE"),1,0) -> 1 | AA2: 1 | AB2: =VLOOKUP(F2,[1]pff_ppr_projections!$B:$D,3,FALSE) -> 333.4 | AC2: =VLOOKUP(F2,[2]numberFire_ppr_projections!$A:$B,2,FALSE) -> 390.8 | AD2: =VLOOKUP(F2,[3]rotoballer_ppr_projections!$B:$G,6,FALSE) -> 355 | AE2: =VLOOKUP(F2,[4]ppr!$B:$E,4,FALSE) -> 314.52609 | AF2: =VLOOKUP(F2,[4]half_ppr!$B:$E,4,FALSE) -> 260.96238 | AG2: =VLOOKUP(F2,[4]std!$B:$E,4,FALSE) -> 207.39867 | AH2: =IFERROR(VLOOKUP(F2,[5]actual_week11_ppr_stats!$A:$B,2,FALSE),0) -> 195.7
A3: 2 | B3: 20271 | C3: Robinson, Bijan | D3: {=_xlfn.TEXTSPLIT(C3, ", ")} -> Robinson | E3: Bijan | F3: =_xlfn.REGEXREPLACE(E3 & " " & D3, "\.", "") -> Bijan Robinson | G3: ATL | H3: RB | I3: 2.44 | J3: 1 | K3: 6 | L3: =VLOOKUP(G3,byes!$A:$B,2,FALSE) -> 5 | M3: =IF(L3=5,1,0) -> 1 | N3: =IF(L3=6,1,0) -> 0 | O3: =IF(L3=7,1,0) -> 0 | P3: =IF(L3=8,1,0) -> 0 | Q3: =IF(L3=9,1,0) -> 0 | R3: =IF(L3=10,1,0) -> 0 | S3: =IF(L3=11,1,0) -> 0 | T3: =IF(L3=12,1,0) -> 0 | U3: =IF(L3=14,1,0) -> 0 | V3: =IF(H3="QB", 1, 0) -> 0 | W3: =IF(H3="RB",1,0) -> 1 | X3: =IF(H3="WR",1,0) -> 0 | Y3: =IF(H3="TE",1,0) -> 0 | Z3: =IF(OR(H3="RB",H3="WR",H3="TE"),1,0) -> 1 | AA3: 1 | AB3: =VLOOKUP(F3,[1]pff_ppr_projections!$B:$D,3,FALSE) -> 299.4 | AC3: =VLOOKUP(F3,[2]numberFire_ppr_projections!$A:$B,2,FALSE) -> 321.1 | AD3: =VLOOKUP(F3,[3]rotoballer_ppr_projections!$B:$G,6,FALSE) -> 329 | AE3: =VLOOKUP(F3,[4]ppr!$B:$E,4,FALSE) -> 295.88629 | AF3: =VLOOKUP(F3,[4]half_ppr!$B:$E,4,FALSE) -> 274.99156 | AG3: =VLOOKUP(F3,[4]std!$B:$E,4,FALSE) -> 254.09683 | AH3: =IFERROR(VLOOKUP(F3,[5]actual_week11_ppr_stats!$A:$B,2,FALSE),0) -> 211.9
A4: 3 | B4: 20272 | C4: Gibbs, Jahmyr | D4: {=_xlfn.TEXTSPLIT(C4, ", ")} -> Gibbs | E4: Jahmyr | F4: =_xlfn.REGEXREPLACE(E4 & " " & D4, "\.", "") -> Jahmyr Gibbs | G4: DET | H4: RB | I4: 3.44 | J4: 1 | K4: 6 | L4: =VLOOKUP(G4,byes!$A:$B,2,FALSE) -> 8 | M4: =IF(L4=5,1,0) -> 0 | N4: =IF(L4=6,1,0) -> 0 | O4: =IF(L4=7,1,0) -> 0 | P4: =IF(L4=8,1,0) -> 1 | Q4: =IF(L4=9,1,0) -> 0 | R4: =IF(L4=10,1,0) -> 0 | S4: =IF(L4=11,1,0) -> 0 | T4: =IF(L4=12,1,0) -> 0 | U4: =IF(L4=14,1,0) -> 0 | V4: =IF(H4="QB", 1, 0) -> 0 | W4: =IF(H4="RB",1,0) -> 1 | X4: =IF(H4="WR",1,0) -> 0 | Y4: =IF(H4="TE",1,0) -> 0 | Z4: =IF(OR(H4="RB",H4="WR",H4="TE"),1,0) -> 1 | AA4: 1 | AB4: =VLOOKUP(F4,[1]pff_ppr_projections!$B:$D,3,FALSE) -> 295.1 | AC4: =VLOOKUP(F4,[2]numberFire_ppr_projections!$A:$B,2,FALSE) -> 334.6 | AD4: =VLOOKUP(F4,[3]rotoballer_ppr_projections!$B:$G,6,FALSE) -> 324 | AE4: =VLOOKUP(F4,[4]ppr!$B:$E,4,FALSE) -> 310.20755 | AF4: =VLOOKUP(F4,[4]half_ppr!$B:$E,4,FALSE) -> 283.12123 | AG4: =VLOOKUP(F4,[4]std!$B:$E,4,FALSE) -> 256.0349 | AH4: =IFERROR(VLOOKUP(F4,[5]actual_week11_ppr_stats!$A:$B,2,FALSE),0) -> 203.6
A5: 4 | B5: 17965 | C5: Lamb, CeeDee | D5: {=_xlfn.TEXTSPLIT(C5, ", ")} -> Lamb | E5: CeeDee | F5: =_xlfn.REGEXREPLACE(E5 & " " & D5, "\.", "") -> CeeDee Lamb | G5: DAL | H5: WR | I5: 3.83 | J5: 2 | K5: 7 | L5: =VLOOKUP(G5,byes!$A:$B,2,FALSE) -> 10 | M5: =IF(L5=5,1,0) -> 0 | N5: =IF(L5=6,1,0) -> 0 | O5: =IF(L5=7,1,0) -> 0 | P5: =IF(L5=8,1,0) -> 0 | Q5: =IF(L5=9,1,0) -> 0 | R5: =IF(L5=10,1,0) -> 1 | S5: =IF(L5=11,1,0) -> 0 | T5: =IF(L5=12,1,0) -> 0 | U5: =IF(L5=14,1,0) -> 0 | V5: =IF(H5="QB", 1, 0) -> 0 | W5: =IF(H5="RB",1,0) -> 0 | X5: =IF(H5="WR",1,0) -> 1 | Y5: =IF(H5="TE",1,0) -> 0 | Z5: =IF(OR(H5="RB",H5="WR",H5="TE"),1,0) -> 1 | AA5: =IF(OR(H5="RB",H5="WR",H5="TE", H5="QB"),1,0) -> 1 | AB5: =VLOOKUP(F5,[1]pff_ppr_projections!$B:$D,3,FALSE) -> 274.6 | AC5: =VLOOKUP(F5,[2]numberFire_ppr_projections!$A:$B,2,FALSE) -> 322.7 | AD5: =VLOOKUP(F5,[3]rotoballer_ppr_projections!$B:$G,6,FALSE) -> 301 | AE5: =VLOOKUP(F5,[4]ppr!$B:$E,4,FALSE) -> 302.70262 | AF5: =VLOOKUP(F5,[4]half_ppr!$B:$E,4,FALSE) -> 248.09918 | AG5: =VLOOKUP(F5,[4]std!$B:$E,4,FALSE) -> 193.49574 | AH5: =IFERROR(VLOOKUP(F5,[5]actual_week11_ppr_stats!$A:$B,2,FALSE),0) -> 107.9
A6: 5 | B6: 16062 | C6: Barkley, Saquon | D6: {=_xlfn.TEXTSPLIT(C6, ", ")} -> Barkley | E6: Saquon | F6: =_xlfn.REGEXREPLACE(E6 & " " & D6, "\.", "") -> Saquon Barkley | G6: PHI | H6: RB | I6: 5.11 | J6: 2 | K6: 8 | L6: =VLOOKUP(G6,byes!$A:$B,2,FALSE) -> 9 | M6: =IF(L6=5,1,0) -> 0 | N6: =IF(L6=6,1,0) -> 0 | O6: =IF(L6=7,1,0) -> 0 | P6: =IF(L6=8,1,0) -> 0 | Q6: =IF(L6=9,1,0) -> 1 | R6: =IF(L6=10,1,0) -> 0 | S6: =IF(L6=11,1,0) -> 0 | T6: =IF(L6=12,1,0) -> 0 | U6: =IF(L6=14,1,0) -> 0 | V6: =IF(H6="QB", 1, 0) -> 0 | W6: =IF(H6="RB",1,0) -> 1 | X6: =IF(H6="WR",1,0) -> 0 | Y6: =IF(H6="TE",1,0) -> 0 | Z6: =IF(OR(H6="RB",H6="WR",H6="TE"),1,0) -> 1 | AA6: 1 | AB6: =VLOOKUP(F6,[1]pff_ppr_projections!$B:$D,3,FALSE) -> 285.5 | AC6: =VLOOKUP(F6,[2]numberFire_ppr_projections!$A:$B,2,FALSE) -> 327.2 | AD6: =VLOOKUP(F6,[3]rotoballer_ppr_projections!$B:$G,6,FALSE) -> 311 | AE6: =VLOOKUP(F6,[4]ppr!$B:$E,4,FALSE) -> 283.51124 | AF6: =VLOOKUP(F6,[4]half_ppr!$B:$E,4,FALSE) -> 265.40973 | AG6: =VLOOKUP(F6,[4]std!$B:$E,4,FALSE) -> 247.30823 | AH6: =IFERROR(VLOOKUP(F6,[5]actual_week11_ppr_stats!$A:$B,2,FALSE),0) -> 150.9
A7: 6 | B7: 17972 | C7: Jefferson, Justin | D7: {=_xlfn.TEXTSPLIT(C7, ", ")} -> Jefferson | E7: Justin | F7: =_xlfn.REGEXREPLACE(E7 & " " & D7, "\.", "") -> Justin Jefferson | G7: MIN | H7: WR | I7: 5.69 | J7: 2 | K7: 8 | L7: =VLOOKUP(G7,byes!$A:$B,2,FALSE) -> 6 | M7: =IF(L7=5,1,0) -> 0 | N7: =IF(L7=6,1,0) -> 1 | O7: =IF(L7=7,1,0) -> 0 | P7: =IF(L7=8,1,0) -> 0 | Q7: =IF(L7=9,1,0) -> 0 | R7: =IF(L7=10,1,0) -> 0 | S7: =IF(L7=11,1,0) -> 0 | T7: =IF(L7=12,1,0) -> 0 | U7: =IF(L7=14,1,0) -> 0 | V7: =IF(H7="QB", 1, 0) -> 0 | W7: =IF(H7="RB",1,0) -> 0 | X7: =IF(H7="WR",1,0) -> 1 | Y7: =IF(H7="TE",1,0) -> 0 | Z7: =IF(OR(H7="RB",H7="WR",H7="TE"),1,0) -> 1 | AA7: 1 | AB7: =VLOOKUP(F7,[1]pff_ppr_projections!$B:$D,3,FALSE) -> 291.2 | AC7: =VLOOKUP(F7,[2]numberFire_ppr_projections!$A:$B,2,FALSE) -> 344.7 | AD7: =VLOOKUP(F7,[3]rotoballer_ppr_projections!$B:$G,6,FALSE) -> 295 | AE7: =VLOOKUP(F7,[4]ppr!$B:$E,4,FALSE) -> 289.815 | AF7: =VLOOKUP(F7,[4]half_ppr!$B:$E,4,FALSE) -> 240.6831 | AG7: =VLOOKUP(F7,[4]std!$B:$E,4,FALSE) -> 191.5512 | AH7: =IFERROR(VLOOKUP(F7,[5]actual_week11_ppr_stats!$A:$B,2,FALSE),0) -> 143.1
A8: 7 | B8: 15222 | C8: McCaffrey, Christian | D8: {=_xlfn.TEXTSPLIT(C8, ", ")} -> McCaffrey | E8: Christian | F8: =_xlfn.REGEXREPLACE(E8 & " " & D8, "\.", "") -> Christian McCaffrey | G8: SF | H8: RB | I8: 7.5 | J8: 3 | K8: 14 | L8: =VLOOKUP(G8,byes!$A:$B,2,FALSE) -> 14 | M8: =IF(L8=5,1,0) -> 0 | N8: =IF(L8=6,1,0) -> 0 | O8: =IF(L8=7,1,0) -> 0 | P8: =IF(L8=8,1,0) -> 0 | Q8: =IF(L8=9,1,0) -> 0 | R8: =IF(L8=10,1,0) -> 0 | S8: =IF(L8=11,1,0) -> 0 | T8: =IF(L8=12,1,0) -> 0 | U8: =IF(L8=14,1,0) -> 1 | V8: =IF(H8="QB", 1, 0) -> 0 | W8: =IF(H8="RB",1,0) -> 1 | X8: =IF(H8="WR",1,0) -> 0 | Y8: =IF(H8="TE",1,0) -> 0 | Z8: =IF(OR(H8="RB",H8="WR",H8="TE"),1,0) -> 1 | AA8: 1 | AB8: =VLOOKUP(F8,[1]pff_ppr_projections!$B:$D,3,FALSE) -> 277.2 | AC8: =VLOOKUP(F8,[2]numberFire_ppr_projections!$A:$B,2,FALSE) -> 336.8 | AD8: =VLOOKUP(F8,[3]rotoballer_ppr_projections!$B:$G,6,FALSE) -> 288 | AE8: =VLOOKUP(F8,[4]ppr!$B:$E,4,FALSE) -> 340.87175 | AF8: =VLOOKUP(F8,[4]half_ppr!$B:$E,4,FALSE) -> 311.12829 | AG8: =VLOOKUP(F8,[4]std!$B:$E,4,FALSE) -> 281.38483 | AH8: =IFERROR(VLOOKUP(F8,[5]actual_week11_ppr_stats!$A:$B,2,FALSE),0) -> 283.9
A9: 8 | B9: 21122 | C9: Nabers, Malik | D9: {=_xlfn.TEXTSPLIT(C9, ", ")} -> Nabers | E9: Malik | F9: =_xlfn.REGEXREPLACE(E9 & " " & D9, "\.", "") -> Malik Nabers | G9: NYG | H9: WR | I9: 8.78 | J9: 6 | K9: 12 | L9: =VLOOKUP(G9,byes!$A:$B,2,FALSE) -> 14 | M9: =IF(L9=5,1,0) -> 0 | N9: =IF(L9=6,1,0) -> 0 | O9: =IF(L9=7,1,0) -> 0 | P9: =IF(L9=8,1,0) -> 0 | Q9: =IF(L9=9,1,0) -> 0 | R9: =IF(L9=10,1,0) -> 0 | S9: =IF(L9=11,1,0) -> 0 | T9: =IF(L9=12,1,0) -> 0 | U9: =IF(L9=14,1,0) -> 1 | V9: =IF(H9="QB", 1, 0) -> 0 | W9: =IF(H9="RB",1,0) -> 0 | X9: =IF(H9="WR",1,0) -> 1 | Y9: =IF(H9="TE",1,0) -> 0 | Z9: =IF(OR(H9="RB",H9="WR",H9="TE"),1,0) -> 1 | AA9: =IF(OR(H9="RB",H9="WR",H9="TE", H9="QB"),1,0) -> 1 | AB9: =VLOOKUP(F9,[1]pff_ppr_projections!$B:$D,3,FALSE) -> 266 | AC9: =VLOOKUP(F9,[2]numberFire_ppr_projections!$A:$B,2,FALSE) -> 281.5 | AD9: =AVERAGE(AB9,AC9,AE9) -> 273.84658 | AE9: =VLOOKUP(F9,[4]ppr!$B:$E,4,FALSE) -> 274.03975 | AF9: =VLOOKUP(F9,[4]half_ppr!$B:$E,4,FALSE) -> 221.96074 | AG9: =VLOOKUP(F9,[4]std!$B:$E,4,FALSE) -> 169.88173 | AH9: =IFERROR(VLOOKUP(F9,[5]actual_week11_ppr_stats!$A:$B,2,FALSE),0) -> 57.1
A10: 9 | B10: 18827 | C10: St. Brown, Amon-Ra | D10: {=_xlfn.TEXTSPLIT(C10, ", ")} -> St. Brown | E10: Amon-Ra | F10: =_xlfn.REGEXREPLACE(E10 & " " & D10, "\.", "") -> Amon-Ra St Brown | G10: DET | H10: WR | I10: 10.17 | J10: 6 | K10: 16 | L10: =VLOOKUP(G10,byes!$A:$B,2,FALSE) -> 8 | M10: =IF(L10=5,1,0) -> 0 | N10: =IF(L10=6,1,0) -> 0 | O10: =IF(L10=7,1,0) -> 0 | P10: =IF(L10=8,1,0) -> 1 | Q10: =IF(L10=9,1,0) -> 0 | R10: =IF(L10=10,1,0) -> 0 | S10: =IF(L10=11,1,0) -> 0 | T10: =IF(L10=12,1,0) -> 0 | U10: =IF(L10=14,1,0) -> 0 | V10: =IF(H10="QB", 1, 0) -> 0 | W10: =IF(H10="RB",1,0) -> 0 | X10: =IF(H10="WR",1,0) -> 1 | Y10: =IF(H10="TE",1,0) -> 0 | Z10: =IF(OR(H10="RB",H10="WR",H10="TE"),1,0) -> 1 | AA10: 1 | AB10: =VLOOKUP(F10,[1]pff_ppr_projections!$B:$D,3,FALSE) -> 270 | AC10: =VLOOKUP(F10,[2]numberFire_ppr_projections!$A:$B,2,FALSE) -> 315.9 | AD10: =VLOOKUP(F10,[3]rotoballer_ppr_projections!$B:$G,6,FALSE) -> 288 | AE10: =VLOOKUP(F10,[4]ppr!$B:$E,4,FALSE) -> 287.26189 | AF10: =VLOOKUP(F10,[4]half_ppr!$B:$E,4,FALSE) -> 233.79024 | AG10: =VLOOKUP(F10,[4]std!$B:$E,4,FALSE) -> 180.31859 | AH10: =IFERROR(VLOOKUP(F10,[5]actual_week11_ppr_stats!$A:$B,2,FALSE),0) -> 188.4
A11: 10 | B11: 21131 | C11: Thomas Jr., Brian | D11: {=_xlfn.TEXTSPLIT(C11, ", ")} -> Thomas Jr. | E11: Brian | F11: =_xlfn.REGEXREPLACE(E11 & " " & D11, "\.", "") -> Brian Thomas Jr | G11: JAX | H11: WR | I11: 10.51 | J11: 7 | K11: 17 | L11: =VLOOKUP(G11,byes!$A:$B,2,FALSE) -> 8 | M11: =IF(L11=5,1,0) -> 0 | N11: =IF(L11=6,1,0) -> 0 | O11: =IF(L11=7,1,0) -> 0 | P11: =IF(L11=8,1,0) -> 1 | Q11: =IF(L11=9,1,0) -> 0 | R11: =IF(L11=10,1,0) -> 0 | S11: =IF(L11=11,1,0) -> 0 | T11: =IF(L11=12,1,0) -> 0 | U11: =IF(L11=14,1,0) -> 0 | V11: =IF(H11="QB", 1, 0) -> 0 | W11: =IF(H11="RB",1,0) -> 0 | X11: =IF(H11="WR",1,0) -> 1 | Y11: =IF(H11="TE",1,0) -> 0 | Z11: =IF(OR(H11="RB",H11="WR",H11="TE"),1,0) -> 1 | AA11: 1 | AB11: =VLOOKUP(F11,[1]pff_ppr_projections!$B:$D,3,FALSE) -> 287.1 | AC11: =VLOOKUP(F11,[2]numberFire_ppr_projections!$A:$B,2,FALSE) -> 286.7 | AD11: =VLOOKUP(F11,[3]rotoballer_ppr_projections!$B:$G,6,FALSE) -> 269 | AE11: =VLOOKUP(F11,[4]ppr!$B:$E,4,FALSE) -> 271.20468 | AF11: =VLOOKUP(F11,[4]half_ppr!$B:$E,4,FALSE) -> 224.49357 | AG11: =VLOOKUP(F11,[4]std!$B:$E,4,FALSE) -> 177.78247 | AH11: =IFERROR(VLOOKUP(F11,[5]actual_week11_ppr_stats!$A:$B,2,FALSE),0) -> 85.6
A12: 11 | B12: 18836 | C12: Collins, Nico | D12: {=_xlfn.TEXTSPLIT(C12, ", ")} -> Collins | E12: Nico | F12: =_xlfn.REGEXREPLACE(E12 & " " & D12, "\.", "") -> Nico Collins | G12: HOU | H12: WR | I12: 11.11 | J12: 7 | K12: 16 | L12: =VLOOKUP(G12,byes!$A:$B,2,FALSE) -> 6 | M12: =IF(L12=5,1,0) -> 0 | N12: =IF(L12=6,1,0) -> 1 | O12: =IF(L12=7,1,0) -> 0 | P12: =IF(L12=8,1,0) -> 0 | Q12: =IF(L12=9,1,0) -> 0 | R12: =IF(L12=10,1,0) -> 0 | S12: =IF(L12=11,1,0) -> 0 | T12: =IF(L12=12,1,0) -> 0 | U12: =IF(L12=14,1,0) -> 0 | V12: =IF(H12="QB", 1, 0) -> 0 | W12: =IF(H12="RB",1,0) -> 0 | X12: =IF(H12="WR",1,0) -> 1 | Y12: =IF(H12="TE",1,0) -> 0 | Z12: =IF(OR(H12="RB",H12="WR",H12="TE"),1,0) -> 1 | AA12: 1 | AB12: =VLOOKUP(F12,[1]pff_ppr_projections!$B:$D,3,FALSE) -> 277.3 | AC12: =VLOOKUP(F12,[2]numberFire_ppr_projections!$A:$B,2,FALSE) -> 285.8 | AD12: =VLOOKUP(F12,[3]rotoballer_ppr_projections!$B:$G,6,FALSE) -> 281 | AE12: =VLOOKUP(F12,[4]ppr!$B:$E,4,FALSE) -> 263.12238 | AF12: =VLOOKUP(F12,[4]half_ppr!$B:$E,4,FALSE) -> 217.55217 | AG12: =VLOOKUP(F12,[4]std!$B:$E,4,FALSE) -> 171.98196 | AH12: =IFERROR(VLOOKUP(F12,[5]actual_week11_ppr_stats!$A:$B,2,FALSE),0) -> 146.5
A13: 12 | B13: 22055 | C13: Jeanty, Ashton | D13: {=_xlfn.TEXTSPLIT(C13, ", ")} -> Jeanty | E13: Ashton | F13: =_xlfn.REGEXREPLACE(E13 & " " & D13, "\.", "") -> Ashton Jeanty | G13: LV | H13: RB | I13: 11.5 | J13: 5 | K13: 18 | L13: =VLOOKUP(G13,byes!$A:$B,2,FALSE) -> 8 | M13: =IF(L13=5,1,0) -> 0 | N13: =IF(L13=6,1,0) -> 0 | O13: =IF(L13=7,1,0) -> 0 | P13: =IF(L13=8,1,0) -> 1 | Q13: =IF(L13=9,1,0) -> 0 | R13: =IF(L13=10,1,0) -> 0 | S13: =IF(L13=11,1,0) -> 0 | T13: =IF(L13=12,1,0) -> 0 | U13: =IF(L13=14,1,0) -> 0 | V13: =IF(H13="QB", 1, 0) -> 0 | W13: =IF(H13="RB",1,0) -> 1 | X13: =IF(H13="WR",1,0) -> 0 | Y13: =IF(H13="TE",1,0) -> 0 | Z13: =IF(OR(H13="RB",H13="WR",H13="TE"),1,0) -> 1 | AA13: =IF(OR(H13="RB",H13="WR",H13="TE", H13="QB"),1,0) -> 1 | AB13: =VLOOKUP(F13,[1]pff_ppr_projections!$B:$D,3,FALSE) -> 290.3 | AC13: =VLOOKUP(F13,[2]numberFire_ppr_projections!$A:$B,2,FALSE) -> 219.9 | AD13: =VLOOKUP(F13,[3]rotoballer_ppr_projections!$B:$G,6,FALSE) -> 252 | AE13: =VLOOKUP(F13,[4]ppr!$B:$E,4,FALSE) -> 243.89725 | AF13: =VLOOKUP(F13,[4]half_ppr!$B:$E,4,FALSE) -> 227.18267 | AG13: =VLOOKUP(F13,[4]std!$B:$E,4,FALSE) -> 210.46809 | AH13: =IFERROR(VLOOKUP(F13,[5]actual_week11_ppr_stats!$A:$B,2,FALSE),0) -> 142.7
A14: 13 | B14: 19433 | C14: London, Drake | D14: {=_xlfn.TEXTSPLIT(C14, ", ")} -> London | E14: Drake | F14: =_xlfn.REGEXREPLACE(E14 & " " & D14, "\.", "") -> Drake London | G14: ATL | H14: WR | I14: 13.34 | J14: 6 | K14: 20 | L14: =VLOOKUP(G14,byes!$A:$B,2,FALSE) -> 5 | M14: =IF(L14=5,1,0) -> 1 | N14: =IF(L14=6,1,0) -> 0 | O14: =IF(L14=7,1,0) -> 0 | P14: =IF(L14=8,1,0) -> 0 | Q14: =IF(L14=9,1,0) -> 0 | R14: =IF(L14=10,1,0) -> 0 | S14: =IF(L14=11,1,0) -> 0 | T14: =IF(L14=12,1,0) -> 0 | U14: =IF(L14=14,1,0) -> 0 | V14: =IF(H14="QB", 1, 0) -> 0 | W14: =IF(H14="RB",1,0) -> 0 | X14: =IF(H14="WR",1,0) -> 1 | Y14: =IF(H14="TE",1,0) -> 0 | Z14: =IF(OR(H14="RB",H14="WR",H14="TE"),1,0) -> 1 | AA14: 1 | AB14: =VLOOKUP(F14,[1]pff_ppr_projections!$B:$D,3,FALSE) -> 259.4 | AC14: =VLOOKUP(F14,[2]numberFire_ppr_projections!$A:$B,2,FALSE) -> 282.1 | AD14: =VLOOKUP(F14,[3]rotoballer_ppr_projections!$B:$G,6,FALSE) -> 271 | AE14: =VLOOKUP(F14,[4]ppr!$B:$E,4,FALSE) -> 273.56591 | AF14: =VLOOKUP(F14,[4]half_ppr!$B:$E,4,FALSE) -> 224.27476 | AG14: =VLOOKUP(F14,[4]std!$B:$E,4,FALSE) -> 174.9836 | AH14: =IFERROR(VLOOKUP(F14,[5]actual_week11_ppr_stats!$A:$B,2,FALSE),0) -> 177
A15: 14 | B15: 15055 | C15: Henry, Derrick | D15: {=_xlfn.TEXTSPLIT(C15, ", ")} -> Henry | E15: Derrick | F15: =_xlfn.REGEXREPLACE(E15 & " " & D15, "\.", "") -> Derrick Henry | G15: BAL | H15: RB | I15: 13.47 | J15: 7 | K15: 19 | L15: =VLOOKUP(G15,byes!$A:$B,2,FALSE) -> 7 | M15: =IF(L15=5,1,0) -> 0 | N15: =IF(L15=6,1,0) -> 0 | O15: =IF(L15=7,1,0) -> 1 | P15: =IF(L15=8,1,0) -> 0 | Q15: =IF(L15=9,1,0) -> 0 | R15: =IF(L15=10,1,0) -> 0 | S15: =IF(L15=11,1,0) -> 0 | T15: =IF(L15=12,1,0) -> 0 | U15: =IF(L15=14,1,0) -> 0 | V15: =IF(H15="QB", 1, 0) -> 0 | W15: =IF(H15="RB",1,0) -> 1 | X15: =IF(H15="WR",1,0) -> 0 | Y15: =IF(H15="TE",1,0) -> 0 | Z15: =IF(OR(H15="RB",H15="WR",H15="TE"),1,0) -> 1 | AA15: 1 | AB15: =VLOOKUP(F15,[1]pff_ppr_projections!$B:$D,3,FALSE) -> 252.5 | AC15: =VLOOKUP(F15,[2]numberFire_ppr_projections!$A:$B,2,FALSE) -> 223.5 | AD15: =VLOOKUP(F15,[3]rotoballer_ppr_projections!$B:$G,6,FALSE) -> 274 | AE15: =VLOOKUP(F15,[4]ppr!$B:$E,4,FALSE) -> 273.22939 | AF15: =VLOOKUP(F15,[4]half_ppr!$B:$E,4,FALSE) -> 264.0538 | AG15: =VLOOKUP(F15,[4]std!$B:$E,4,FALSE) -> 254.87821 | AH15: =IFERROR(VLOOKUP(F15,[5]actual_week11_ppr_stats!$A:$B,2,FALSE),0) -> 141.1
A16: 15 | B16: 20336 | C16: Nacua, Puka | D16: {=_xlfn.TEXTSPLIT(C16, ", ")} -> Nacua | E16: Puka | F16: =_xlfn.REGEXREPLACE(E16 & " " & D16, "\.", "") -> Puka Nacua | G16: LA | H16: WR | I16: 14.41 | J16: 8 | K16: 22 | L16: =VLOOKUP(G16,byes!$A:$B,2,FALSE) -> 8 | M16: =IF(L16=5,1,0) -> 0 | N16: =IF(L16=6,1,0) -> 0 | O16: =IF(L16=7,1,0) -> 0 | P16: =IF(L16=8,1,0) -> 1 | Q16: =IF(L16=9,1,0) -> 0 | R16: =IF(L16=10,1,0) -> 0 | S16: =IF(L16=11,1,0) -> 0 | T16: =IF(L16=12,1,0) -> 0 | U16: =IF(L16=14,1,0) -> 0 | V16: =IF(H16="QB", 1, 0) -> 0 | W16: =IF(H16="RB",1,0) -> 0 | X16: =IF(H16="WR",1,0) -> 1 | Y16: =IF(H16="TE",1,0) -> 0 | Z16: =IF(OR(H16="RB",H16="WR",H16="TE"),1,0) -> 1 | AA16: 1 | AB16: =VLOOKUP(F16,[1]pff_ppr_projections!$B:$D,3,FALSE) -> 285.3 | AC16: =VLOOKUP(F16,[2]numberFire_ppr_projections!$A:$B,2,FALSE) -> 298.2 | AD16: =VLOOKUP(F16,[3]rotoballer_ppr_projections!$B:$G,6,FALSE) -> 281 | AE16: =VLOOKUP(F16,[4]ppr!$B:$E,4,FALSE) -> 285.72001 | AF16: =VLOOKUP(F16,[4]half_ppr!$B:$E,4,FALSE) -> 235.4151 | AG16: =VLOOKUP(F16,[4]std!$B:$E,4,FALSE) -> 185.11018 | AH16: =IFERROR(VLOOKUP(F16,[5]actual_week11_ppr_stats!$A:$B,2,FALSE),0) -> 195.3
A17: 16 | B17: 20292 | C17: Brown, Chase | D17: {=_xlfn.TEXTSPLIT(C17, ", ")} -> Brown | E17: Chase | F17: =_xlfn.REGEXREPLACE(E17 & " " & D17, "\.", "") -> Chase Brown | G17: CIN | H17: RB | I17: 16.76 | J17: 11 | K17: 25 | L17: =VLOOKUP(G17,byes!$A:$B,2,FALSE) -> 10 | M17: =IF(L17=5,1,0) -> 0 | N17: =IF(L17=6,1,0) -> 0 | O17: =IF(L17=7,1,0) -> 0 | P17: =IF(L17=8,1,0) -> 0 | Q17: =IF(L17=9,1,0) -> 0 | R17: =IF(L17=10,1,0) -> 1 | S17: =IF(L17=11,1,0) -> 0 | T17: =IF(L17=12,1,0) -> 0 | U17: =IF(L17=14,1,0) -> 0 | V17: =IF(H17="QB", 1, 0) -> 0 | W17: =IF(H17="RB",1,0) -> 1 | X17: =IF(H17="WR",1,0) -> 0 | Y17: =IF(H17="TE",1,0) -> 0 | Z17: =IF(OR(H17="RB",H17="WR",H17="TE"),1,0) -> 1 | AA17: =IF(OR(H17="RB",H17="WR",H17="TE", H17="QB"),1,0) -> 1 | AB17: =VLOOKUP(F17,[1]pff_ppr_projections!$B:$D,3,FALSE) -> 225.9 | AC17: =VLOOKUP(F17,[2]numberFire_ppr_projections!$A:$B,2,FALSE) -> 222.5 | AD17: =VLOOKUP(F17,[3]rotoballer_ppr_projections!$B:$G,6,FALSE) -> 258 | AE17: =VLOOKUP(F17,[4]ppr!$B:$E,4,FALSE) -> 257.50168 | AF17: =VLOOKUP(F17,[4]half_ppr!$B:$E,4,FALSE) -> 232.309 | AG17: =VLOOKUP(F17,[4]std!$B:$E,4,FALSE) -> 207.11632 | AH17: =IFERROR(VLOOKUP(F17,[5]actual_week11_ppr_stats!$A:$B,2,FALSE),0) -> 131.8
A18: 17 | B18: 20284 | C18: Achane, De'Von | D18: {=_xlfn.TEXTSPLIT(C18, ", ")} -> Achane | E18: De'Von | F18: =_xlfn.REGEXREPLACE(E18 & " " & D18, "\.", "") -> De'Von Achane | G18: MIA | H18: RB | I18: 18.17 | J18: 12 | K18: 27 | L18: =VLOOKUP(G18,byes!$A:$B,2,FALSE) -> 12 | M18: =IF(L18=5,1,0) -> 0 | N18: =IF(L18=6,1,0) -> 0 | O18: =IF(L18=7,1,0) -> 0 | P18: =IF(L18=8,1,0) -> 0 | Q18: =IF(L18=9,1,0) -> 0 | R18: =IF(L18=10,1,0) -> 0 | S18: =IF(L18=11,1,0) -> 0 | T18: =IF(L18=12,1,0) -> 1 | U18: =IF(L18=14,1,0) -> 0 | V18: =IF(H18="QB", 1, 0) -> 0 | W18: =IF(H18="RB",1,0) -> 1 | X18: =IF(H18="WR",1,0) -> 0 | Y18: =IF(H18="TE",1,0) -> 0 | Z18: =IF(OR(H18="RB",H18="WR",H18="TE"),1,0) -> 1 | AA18: 1 | AB18: =VLOOKUP(F18,[1]pff_ppr_projections!$B:$D,3,FALSE) -> 275.6 | AC18: =VLOOKUP(F18,[2]numberFire_ppr_projections!$A:$B,2,FALSE) -> 299.2 | AD18: =VLOOKUP(F18,[3]rotoballer_ppr_projections!$B:$G,6,FALSE) -> 276 | AE18: =VLOOKUP(F18,[4]ppr!$B:$E,4,FALSE) -> 284.60498 | AF18: =VLOOKUP(F18,[4]half_ppr!$B:$E,4,FALSE) -> 249.3592 | AG18: =VLOOKUP(F18,[4]std!$B:$E,4,FALSE) -> 214.11342 | AH18: =IFERROR(VLOOKUP(F18,[5]actual_week11_ppr_stats!$A:$B,2,FALSE),0) -> 235
A19: 18 | B19: 16998 | C19: Jacobs, Josh | D19: {=_xlfn.TEXTSPLIT(C19, ", ")} -> Jacobs | E19: Josh | F19: =_xlfn.REGEXREPLACE(E19 & " " & D19, "\.", "") -> Josh Jacobs | G19: GB | H19: RB | I19: 19.66 | J19: 14 | K19: 26 | L19: =VLOOKUP(G19,byes!$A:$B,2,FALSE) -> 5 | M19: =IF(L19=5,1,0) -> 1 | N19: =IF(L19=6,1,0) -> 0 | O19: =IF(L19=7,1,0) -> 0 | P19: =IF(L19=8,1,0) -> 0 | Q19: =IF(L19=9,1,0) -> 0 | R19: =IF(L19=10,1,0) -> 0 | S19: =IF(L19=11,1,0) -> 0 | T19: =IF(L19=12,1,0) -> 0 | U19: =IF(L19=14,1,0) -> 0 | V19: =IF(H19="QB", 1, 0) -> 0 | W19: =IF(H19="RB",1,0) -> 1 | X19: =IF(H19="WR",1,0) -> 0 | Y19: =IF(H19="TE",1,0) -> 0 | Z19: =IF(OR(H19="RB",H19="WR",H19="TE"),1,0) -> 1 | AA19: 1 | AB19: =VLOOKUP(F19,[1]pff_ppr_projections!$B:$D,3,FALSE) -> 252 | AC19: =VLOOKUP(F19,[2]numberFire_ppr_projections!$A:$B,2,FALSE) -> 227.9 | AD19: =VLOOKUP(F19,[3]rotoballer_ppr_projections!$B:$G,6,FALSE) -> 259 | AE19: =VLOOKUP(F19,[4]ppr!$B:$E,4,FALSE) -> 267.47567 | AF19: =VLOOKUP(F19,[4]half_ppr!$B:$E,4,FALSE) -> 250.07548 | AG19: =VLOOKUP(F19,[4]std!$B:$E,4,FALSE) -> 232.67528 | AH19: =IFERROR(VLOOKUP(F19,[5]actual_week11_ppr_stats!$A:$B,2,FALSE),0) -> 182.5
A20: 19 | B20: 17004 | C20: Brown, A.J. | D20: {=_xlfn.TEXTSPLIT(C20, ", ")} -> Brown | E20: A.J. | F20: =_xlfn.REGEXREPLACE(E20 & " " & D20, "\.", "") -> AJ Brown | G20: PHI | H20: WR | I20: 19.75 | J20: 14 | K20: 26 | L20: =VLOOKUP(G20,byes!$A:$B,2,FALSE) -> 9 | M20: =IF(L20=5,1,0) -> 0 | N20: =IF(L20=6,1,0) -> 0 | O20: =IF(L20=7,1,0) -> 0 | P20: =IF(L20=8,1,0) -> 0 | Q20: =IF(L20=9,1,0) -> 1 | R20: =IF(L20=10,1,0) -> 0 | S20: =IF(L20=11,1,0) -> 0 | T20: =IF(L20=12,1,0) -> 0 | U20: =IF(L20=14,1,0) -> 0 | V20: =IF(H20="QB", 1, 0) -> 0 | W20: =IF(H20="RB",1,0) -> 0 | X20: =IF(H20="WR",1,0) -> 1 | Y20: =IF(H20="TE",1,0) -> 0 | Z20: =IF(OR(H20="RB",H20="WR",H20="TE"),1,0) -> 1 | AA20: 1 | AB20: =VLOOKUP(F20,[1]pff_ppr_projections!$B:$D,3,FALSE) -> 255.7 | AC20: =VLOOKUP(F20,[2]numberFire_ppr_projections!$A:$B,2,FALSE) -> 270.6 | AD20: =VLOOKUP(F20,[3]rotoballer_ppr_projections!$B:$G,6,FALSE) -> 261 | AE20: =VLOOKUP(F20,[4]ppr!$B:$E,4,FALSE) -> 229.76602 | AF20: =VLOOKUP(F20,[4]half_ppr!$B:$E,4,FALSE) -> 192.51472 | AG20: =VLOOKUP(F20,[4]std!$B:$E,4,FALSE) -> 155.26342 | AH20: =IFERROR(VLOOKUP(F20,[5]actual_week11_ppr_stats!$A:$B,2,FALSE),0) -> 101.7
A21: 20 | B21: 17962 | C21: Taylor, Jonathan | D21: {=_xlfn.TEXTSPLIT(C21, ", ")} -> Taylor | E21: Jonathan | F21: =_xlfn.REGEXREPLACE(E21 & " " & D21, "\.", "") -> Jonathan Taylor | G21: IND | H21: RB | I21: 19.97 | J21: 13 | K21: 28 | L21: =VLOOKUP(G21,byes!$A:$B,2,FALSE) -> 11 | M21: =IF(L21=5,1,0) -> 0 | N21: =IF(L21=6,1,0) -> 0 | O21: =IF(L21=7,1,0) -> 0 | P21: =IF(L21=8,1,0) -> 0 | Q21: =IF(L21=9,1,0) -> 0 | R21: =IF(L21=10,1,0) -> 0 | S21: =IF(L21=11,1,0) -> 1 | T21: =IF(L21=12,1,0) -> 0 | U21: =IF(L21=14,1,0) -> 0 | V21: =IF(H21="QB", 1, 0) -> 0 | W21: =IF(H21="RB",1,0) -> 1 | X21: =IF(H21="WR",1,0) -> 0 | Y21: =IF(H21="TE",1,0) -> 0 | Z21: =IF(OR(H21="RB",H21="WR",H21="TE"),1,0) -> 1 | AA21: =IF(OR(H21="RB",H21="WR",H21="TE", H21="QB"),1,0) -> 1 | AB21: =VLOOKUP(F21,[1]pff_ppr_projections!$B:$D,3,FALSE) -> 242.7 | AC21: =VLOOKUP(F21,[2]numberFire_ppr_projections!$A:$B,2,FALSE) -> 210.6 | AD21: =VLOOKUP(F21,[3]rotoballer_ppr_projections!$B:$G,6,FALSE) -> 263 | AE21: =VLOOKUP(F21,[4]ppr!$B:$E,4,FALSE) -> 253.11796 | AF21: =VLOOKUP(F21,[4]half_ppr!$B:$E,4,FALSE) -> 239.62629 | AG21: =VLOOKUP(F21,[4]std!$B:$E,4,FALSE) -> 226.13463 | AH21: =IFERROR(VLOOKUP(F21,[5]actual_week11_ppr_stats!$A:$B,2,FALSE),0) -> 271.9
A22: 21 | B22: 21136 | C22: Irving, Bucky | D22: {=_xlfn.TEXTSPLIT(C22, ", ")} -> Irving | E22: Bucky | F22: =_xlfn.REGEXREPLACE(E22 & " " & D22, "\.", "") -> Bucky Irving | G22: TB | H22: RB | I22: 20.04 | J22: 11 | K22: 31 | L22: =VLOOKUP(G22,byes!$A:$B,2,FALSE) -> 9 | M22: =IF(L22=5,1,0) -> 0 | N22: =IF(L22=6,1,0) -> 0 | O22: =IF(L22=7,1,0) -> 0 | P22: =IF(L22=8,1,0) -> 0 | Q22: =IF(L22=9,1,0) -> 1 | R22: =IF(L22=10,1,0) -> 0 | S22: =IF(L22=11,1,0) -> 0 | T22: =IF(L22=12,1,0) -> 0 | U22: =IF(L22=14,1,0) -> 0 | V22: =IF(H22="QB", 1, 0) -> 0 | W22: =IF(H22="RB",1,0) -> 1 | X22: =IF(H22="WR",1,0) -> 0 | Y22: =IF(H22="TE",1,0) -> 0 | Z22: =IF(OR(H22="RB",H22="WR",H22="TE"),1,0) -> 1 | AA22: 1 | AB22: =VLOOKUP(F22,[1]pff_ppr_projections!$B:$D,3,FALSE) -> 281.8 | AC22: =VLOOKUP(F22,[2]numberFire_ppr_projections!$A:$B,2,FALSE) -> 212.2 | AD22: =VLOOKUP(F22,[3]rotoballer_ppr_projections!$B:$G,6,FALSE) -> 259 | AE22: =VLOOKUP(F22,[4]ppr!$B:$E,4,FALSE) -> 284.75845 | AF22: =VLOOKUP(F22,[4]half_ppr!$B:$E,4,FALSE) -> 262.67425 | AG22: =VLOOKUP(F22,[4]std!$B:$E,4,FALSE) -> 240.59005 | AH22: =IFERROR(VLOOKUP(F22,[5]actual_week11_ppr_stats!$A:$B,2,FALSE),0) -> 74
A23: 22 | B23: 21123 | C23: Bowers, Brock | D23: {=_xlfn.TEXTSPLIT(C23, ", ")} -> Bowers | E23: Brock | F23: =_xlfn.REGEXREPLACE(E23 & " " & D23, "\.", "") -> Brock Bowers | G23: LV | H23: TE | I23: 20.75 | J23: 13 | K23: 29 | L23: =VLOOKUP(G23,byes!$A:$B,2,FALSE) -> 8 | M23: =IF(L23=5,1,0) -> 0 | N23: =IF(L23=6,1,0) -> 0 | O23: =IF(L23=7,1,0) -> 0 | P23: =IF(L23=8,1,0) -> 1 | Q23: =IF(L23=9,1,0) -> 0 | R23: =IF(L23=10,1,0) -> 0 | S23: =IF(L23=11,1,0) -> 0 | T23: =IF(L23=12,1,0) -> 0 | U23: =IF(L23=14,1,0) -> 0 | V23: =IF(H23="QB", 1, 0) -> 0 | W23: =IF(H23="RB",1,0) -> 0 | X23: =IF(H23="WR",1,0) -> 0 | Y23: =IF(H23="TE",1,0) -> 1 | Z23: =IF(OR(H23="RB",H23="WR",H23="TE"),1,0) -> 1 | AA23: 1 | AB23: =VLOOKUP(F23,[1]pff_ppr_projections!$B:$D,3,FALSE) -> 245.9 | AC23: =VLOOKUP(F23,[2]numberFire_ppr_projections!$A:$B,2,FALSE) -> 270.6 | AD23: =VLOOKUP(F23,[3]rotoballer_ppr_projections!$B:$G,6,FALSE) -> 257 | AE23: =VLOOKUP(F23,[4]ppr!$B:$E,4,FALSE) -> 263.9926 | AF23: =VLOOKUP(F23,[4]half_ppr!$B:$E,4,FALSE) -> 211.38347 | AG23: =VLOOKUP(F23,[4]std!$B:$E,4,FALSE) -> 158.77434 | AH23: =IFERROR(VLOOKUP(F23,[5]actual_week11_ppr_stats!$A:$B,2,FALSE),0) -> 102.7
A24: 23 | B24: 21139 | C24: McConkey, Ladd | D24: {=_xlfn.TEXTSPLIT(C24, ", ")} -> McConkey | E24: Ladd | F24: =_xlfn.REGEXREPLACE(E24 & " " & D24, "\.", "") -> Ladd McConkey | G24: LAC | H24: WR | I24: 22 | J24: 14 | K24: 29 | L24: =VLOOKUP(G24,byes!$A:$B,2,FALSE) -> 12 | M24: =IF(L24=5,1,0) -> 0 | N24: =IF(L24=6,1,0) -> 0 | O24: =IF(L24=7,1,0) -> 0 | P24: =IF(L24=8,1,0) -> 0 | Q24: =IF(L24=9,1,0) -> 0 | R24: =IF(L24=10,1,0) -> 0 | S24: =IF(L24=11,1,0) -> 0 | T24: =IF(L24=12,1,0) -> 1 | U24: =IF(L24=14,1,0) -> 0 | V24: =IF(H24="QB", 1, 0) -> 0 | W24: =IF(H24="RB",1,0) -> 0 | X24: =IF(H24="WR",1,0) -> 1 | Y24: =IF(H24="TE",1,0) -> 0 | Z24: =IF(OR(H24="RB",H24="WR",H24="TE"),1,0) -> 1 | AA24: 1 | AB24: =VLOOKUP(F24,[1]pff_ppr_projections!$B:$D,3,FALSE) -> 249.7 | AC24: =VLOOKUP(F24,[2]numberFire_ppr_projections!$A:$B,2,FALSE) -> 284.3 | AD24: =VLOOKUP(F24,[3]rotoballer_ppr_projections!$B:$G,6,FALSE) -> 245 | AE24: =VLOOKUP(F24,[4]ppr!$B:$E,4,FALSE) -> 246.37288 | AF24: =VLOOKUP(F24,[4]half_ppr!$B:$E,4,FALSE) -> 202.14076 | AG24: =VLOOKUP(F24,[4]std!$B:$E,4,FALSE) -> 157.90865 | AH24: =IFERROR(VLOOKUP(F24,[5]actual_week11_ppr_stats!$A:$B,2,FALSE),0) -> 142.4
A25: 24 | B25: 20273 | C25: Smith-Njigba, Jaxon | D25: {=_xlfn.TEXTSPLIT(C25, ", ")} -> Smith-Njigba | E25: Jaxon | F25: =_xlfn.REGEXREPLACE(E25 & " " & D25, "\.", "") -> Jaxon Smith-Njigba | G25: SEA | H25: WR | I25: 26.5 | J25: 21 | K25: 35 | L25: =VLOOKUP(G25,byes!$A:$B,2,FALSE) -> 8 | M25: =IF(L25=5,1,0) -> 0 | N25: =IF(L25=6,1,0) -> 0 | O25: =IF(L25=7,1,0) -> 0 | P25: =IF(L25=8,1,0) -> 1 | Q25: =IF(L25=9,1,0) -> 0 | R25: =IF(L25=10,1,0) -> 0 | S25: =IF(L25=11,1,0) -> 0 | T25: =IF(L25=12,1,0) -> 0 | U25: =IF(L25=14,1,0) -> 0 | V25: =IF(H25="QB", 1, 0) -> 0 | W25: =IF(H25="RB",1,0) -> 0 | X25: =IF(H25="WR",1,0) -> 1 | Y25: =IF(H25="TE",1,0) -> 0 | Z25: =IF(OR(H25="RB",H25="WR",H25="TE"),1,0) -> 1 | AA25: =IF(OR(H25="RB",H25="WR",H25="TE", H25="QB"),1,0) -> 1 | AB25: =VLOOKUP(F25,[1]pff_ppr_projections!$B:$D,3,FALSE) -> 217.9 | AC25: =VLOOKUP(F25,[2]numberFire_ppr_projections!$A:$B,2,FALSE) -> 279.3 | AD25: =VLOOKUP(F25,[3]rotoballer_ppr_projections!$B:$G,6,FALSE) -> 250 | AE25: =VLOOKUP(F25,[4]ppr!$B:$E,4,FALSE) -> 264.97753 | AF25: =VLOOKUP(F25,[4]half_ppr!$B:$E,4,FALSE) -> 217.28539 | AG25: =VLOOKUP(F25,[4]std!$B:$E,4,FALSE) -> 169.59325 | AH25: =IFERROR(VLOOKUP(F25,[5]actual_week11_ppr_stats!$A:$B,2,FALSE),0) -> 219.9
A26: 25 | B26: 17971 | C26: Higgins, Tee | D26: {=_xlfn.TEXTSPLIT(C26, ", ")} -> Higgins | E26: Tee | F26: =_xlfn.REGEXREPLACE(E26 & " " & D26, "\.", "") -> Tee Higgins | G26: CIN | H26: WR | I26: 27.2 | J26: 17 | K26: 35 | L26: =VLOOKUP(G26,byes!$A:$B,2,FALSE) -> 10 | M26: =IF(L26=5,1,0) -> 0 | N26: =IF(L26=6,1,0) -> 0 | O26: =IF(L26=7,1,0) -> 0 | P26: =IF(L26=8,1,0) -> 0 | Q26: =IF(L26=9,1,0) -> 0 | R26: =IF(L26=10,1,0) -> 1 | S26: =IF(L26=11,1,0) -> 0 | T26: =IF(L26=12,1,0) -> 0 | U26: =IF(L26=14,1,0) -> 0 | V26: =IF(H26="QB", 1, 0) -> 0 | W26: =IF(H26="RB",1,0) -> 0 | X26: =IF(H26="WR",1,0) -> 1 | Y26: =IF(H26="TE",1,0) -> 0 | Z26: =IF(OR(H26="RB",H26="WR",H26="TE"),1,0) -> 1 | AA26: 1 | AB26: =VLOOKUP(F26,[1]pff_ppr_projections!$B:$D,3,FALSE) -> 245.7 | AC26: =VLOOKUP(F26,[2]numberFire_ppr_projections!$A:$B,2,FALSE) -> 263.6 | AD26: =VLOOKUP(F26,[3]rotoballer_ppr_projections!$B:$G,6,FALSE) -> 257 | AE26: =VLOOKUP(F26,[4]ppr!$B:$E,4,FALSE) -> 257.99093 | AF26: =VLOOKUP(F26,[4]half_ppr!$B:$E,4,FALSE) -> 214.08506 | AG26: =VLOOKUP(F26,[4]std!$B:$E,4,FALSE) -> 170.17918 | AH26: =IFERROR(VLOOKUP(F26,[5]actual_week11_ppr_stats!$A:$B,2,FALSE),0) -> 131.4
A27: 26 | B27: 19450 | C27: Williams, Kyren | D27: {=_xlfn.TEXTSPLIT(C27, ", ")} -> Williams | E27: Kyren | F27: =_xlfn.REGEXREPLACE(E27 & " " & D27, "\.", "") -> Kyren Williams | G27: LA | H27: RB | I27: 27.34 | J27: 17 | K27: 43 | L27: =VLOOKUP(G27,byes!$A:$B,2,FALSE) -> 8 | M27: =IF(L27=5,1,0) -> 0 | N27: =IF(L27=6,1,0) -> 0 | O27: =IF(L27=7,1,0) -> 0 | P27: =IF(L27=8,1,0) -> 1 | Q27: =IF(L27=9,1,0) -> 0 | R27: =IF(L27=10,1,0) -> 0 | S27: =IF(L27=11,1,0) -> 0 | T27: =IF(L27=12,1,0) -> 0 | U27: =IF(L27=14,1,0) -> 0 | V27: =IF(H27="QB", 1, 0) -> 0 | W27: =IF(H27="RB",1,0) -> 1 | X27: =IF(H27="WR",1,0) -> 0 | Y27: =IF(H27="TE",1,0) -> 0 | Z27: =IF(OR(H27="RB",H27="WR",H27="TE"),1,0) -> 1 | AA27: 1 | AB27: =VLOOKUP(F27,[1]pff_ppr_projections!$B:$D,3,FALSE) -> 241.9 | AC27: =VLOOKUP(F27,[2]numberFire_ppr_projections!$A:$B,2,FALSE) -> 208.4 | AD27: =VLOOKUP(F27,[3]rotoballer_ppr_projections!$B:$G,6,FALSE) -> 245 | AE27: =VLOOKUP(F27,[4]ppr!$B:$E,4,FALSE) -> 253.03848 | AF27: =VLOOKUP(F27,[4]half_ppr!$B:$E,4,FALSE) -> 238.93116 | AG27: =VLOOKUP(F27,[4]std!$B:$E,4,FALSE) -> 224.82383 | AH27: =IFERROR(VLOOKUP(F27,[5]actual_week11_ppr_stats!$A:$B,2,FALSE),0) -> 170.2
A28: 27 | B28: 19439 | C28: McBride, Trey | D28: {=_xlfn.TEXTSPLIT(C28, ", ")} -> McBride | E28: Trey | F28: =_xlfn.REGEXREPLACE(E28 & " " & D28, "\.", "") -> Trey McBride | G28: ARZ | H28: TE | I28: 28 | J28: 20 | K28: 40 | L28: =VLOOKUP(G28,byes!$A:$B,2,FALSE) -> 8 | M28: =IF(L28=5,1,0) -> 0 | N28: =IF(L28=6,1,0) -> 0 | O28: =IF(L28=7,1,0) -> 0 | P28: =IF(L28=8,1,0) -> 1 | Q28: =IF(L28=9,1,0) -> 0 | R28: =IF(L28=10,1,0) -> 0 | S28: =IF(L28=11,1,0) -> 0 | T28: =IF(L28=12,1,0) -> 0 | U28: =IF(L28=14,1,0) -> 0 | V28: =IF(H28="QB", 1, 0) -> 0 | W28: =IF(H28="RB",1,0) -> 0 | X28: =IF(H28="WR",1,0) -> 0 | Y28: =IF(H28="TE",1,0) -> 1 | Z28: =IF(OR(H28="RB",H28="WR",H28="TE"),1,0) -> 1 | AA28: 1 | AB28: =VLOOKUP(F28,[1]pff_ppr_projections!$B:$D,3,FALSE) -> 235.9 | AC28: =VLOOKUP(F28,[2]numberFire_ppr_projections!$A:$B,2,FALSE) -> 242 | AD28: =VLOOKUP(F28,[3]rotoballer_ppr_projections!$B:$G,6,FALSE) -> 234 | AE28: =VLOOKUP(F28,[4]ppr!$B:$E,4,FALSE) -> 243.64618 | AF28: =VLOOKUP(F28,[4]half_ppr!$B:$E,4,FALSE) -> 193.69821 | AG28: =VLOOKUP(F28,[4]std!$B:$E,4,FALSE) -> 143.75025 | AH28: =IFERROR(VLOOKUP(F28,[5]actual_week11_ppr_stats!$A:$B,2,FALSE),0) -> 184.8
A29: 28 | B29: 16081 | C29: Jackson, Lamar | D29: {=_xlfn.TEXTSPLIT(C29, ", ")} -> Jackson | E29: Lamar | F29: =_xlfn.REGEXREPLACE(E29 & " " & D29, "\.", "") -> Lamar Jackson | G29: BAL | H29: QB | I29: 28.91 | J29: 17 | K29: 38 | L29: =VLOOKUP(G29,byes!$A:$B,2,FALSE) -> 7 | M29: =IF(L29=5,1,0) -> 0 | N29: =IF(L29=6,1,0) -> 0 | O29: =IF(L29=7,1,0) -> 1 | P29: =IF(L29=8,1,0) -> 0 | Q29: =IF(L29=9,1,0) -> 0 | R29: =IF(L29=10,1,0) -> 0 | S29: =IF(L29=11,1,0) -> 0 | T29: =IF(L29=12,1,0) -> 0 | U29: =IF(L29=14,1,0) -> 0 | V29: =IF(H29="QB", 1, 0) -> 1 | W29: =IF(H29="RB",1,0) -> 0 | X29: =IF(H29="WR",1,0) -> 0 | Y29: =IF(H29="TE",1,0) -> 0 | Z29: =IF(OR(H29="RB",H29="WR",H29="TE"),1,0) -> 0 | AA29: =IF(OR(H29="RB",H29="WR",H29="TE", H29="QB"),1,0) -> 1 | AB29: =VLOOKUP(F29,[1]pff_ppr_projections!$B:$D,3,FALSE) -> 338.5 | AC29: =VLOOKUP(F29,[2]numberFire_ppr_projections!$A:$B,2,FALSE) -> 384.1 | AD29: =VLOOKUP(F29,[3]rotoballer_ppr_projections!$B:$G,6,FALSE) -> 359 | AE29: =VLOOKUP(F29,[4]ppr!$B:$E,4,FALSE) -> 382.58688 | AF29: =VLOOKUP(F29,[4]half_ppr!$B:$E,4,FALSE) -> 382.58688 | AG29: =VLOOKUP(F29,[4]std!$B:$E,4,FALSE) -> 382.58688 | AH29: =IFERROR(VLOOKUP(F29,[5]actual_week11_ppr_stats!$A:$B,2,FALSE),0) -> 143.3
A30: 29 | B30: 22069 | C30: Hampton, Omarion | D30: {=_xlfn.TEXTSPLIT(C30, ", ")} -> Hampton | E30: Omarion | F30: =_xlfn.REGEXREPLACE(E30 & " " & D30, "\.", "") -> Omarion Hampton | G30: LAC | H30: RB | I30: 30.17 | J30: 8 | K30: 46 | L30: =VLOOKUP(G30,byes!$A:$B,2,FALSE) -> 12 | M30: =IF(L30=5,1,0) -> 0 | N30: =IF(L30=6,1,0) -> 0 | O30: =IF(L30=7,1,0) -> 0 | P30: =IF(L30=8,1,0) -> 0 | Q30: =IF(L30=9,1,0) -> 0 | R30: =IF(L30=10,1,0) -> 0 | S30: =IF(L30=11,1,0) -> 0 | T30: =IF(L30=12,1,0) -> 1 | U30: =IF(L30=14,1,0) -> 0 | V30: =IF(H30="QB", 1, 0) -> 0 | W30: =IF(H30="RB",1,0) -> 1 | X30: =IF(H30="WR",1,0) -> 0 | Y30: =IF(H30="TE",1,0) -> 0 | Z30: =IF(OR(H30="RB",H30="WR",H30="TE"),1,0) -> 1 | AA30: 1 | AB30: =VLOOKUP(F30,[1]pff_ppr_projections!$B:$D,3,FALSE) -> 227.9 | AC30: =VLOOKUP(F30,[2]numberFire_ppr_projections!$A:$B,2,FALSE) -> 206.7 | AD30: =VLOOKUP(F30,[3]rotoballer_ppr_projections!$B:$G,6,FALSE) -> 207 | AE30: =VLOOKUP(F30,[4]ppr!$B:$E,4,FALSE) -> 241.51948 | AF30: =VLOOKUP(F30,[4]half_ppr!$B:$E,4,FALSE) -> 225.64364 | AG30: =VLOOKUP(F30,[4]std!$B:$E,4,FALSE) -> 209.76781 | AH30: =IFERROR(VLOOKUP(F30,[5]actual_week11_ppr_stats!$A:$B,2,FALSE),0) -> 77
A31: 30 | B31: 16074 | C31: Allen, Josh | D31: {=_xlfn.TEXTSPLIT(C31, ", ")} -> Allen | E31: Josh | F31: =_xlfn.REGEXREPLACE(E31 & " " & D31, "\.", "") -> Josh Allen | G31: BUF | H31: QB | I31: 30.8 | J31: 23 | K31: 42 | L31: =VLOOKUP(G31,byes!$A:$B,2,FALSE) -> 7 | M31: =IF(L31=5,1,0) -> 0 | N31: =IF(L31=6,1,0) -> 0 | O31: =IF(L31=7,1,0) -> 1 | P31: =IF(L31=8,1,0) -> 0 | Q31: =IF(L31=9,1,0) -> 0 | R31: =IF(L31=10,1,0) -> 0 | S31: =IF(L31=11,1,0) -> 0 | T31: =IF(L31=12,1,0) -> 0 | U31: =IF(L31=14,1,0) -> 0 | V31: =IF(H31="QB", 1, 0) -> 1 | W31: =IF(H31="RB",1,0) -> 0 | X31: =IF(H31="WR",1,0) -> 0 | Y31: =IF(H31="TE",1,0) -> 0 | Z31: =IF(OR(H31="RB",H31="WR",H31="TE"),1,0) -> 0 | AA31: 1 | AB31: =VLOOKUP(F31,[1]pff_ppr_projections!$B:$D,3,FALSE) -> 341.4 | AC31: =VLOOKUP(F31,[2]numberFire_ppr_projections!$A:$B,2,FALSE) -> 384.1 | AD31: =VLOOKUP(F31,[3]rotoballer_ppr_projections!$B:$G,6,FALSE) -> 362 | AE31: =VLOOKUP(F31,[4]ppr!$B:$E,4,FALSE) -> 370.47445 | AF31: =VLOOKUP(F31,[4]half_ppr!$B:$E,4,FALSE) -> 370.47445 | AG31: =VLOOKUP(F31,[4]std!$B:$E,4,FALSE) -> 370.47445 | AH31: =IFERROR(VLOOKUP(F31,[5]actual_week11_ppr_stats!$A:$B,2,FALSE),0) -> 268.5
A32: 31 | B32: 19431 | C32: Wilson, Garrett | D32: {=_xlfn.TEXTSPLIT(C32, ", ")} -> Wilson | E32: Garrett | F32: =_xlfn.REGEXREPLACE(E32 & " " & D32, "\.", "") -> Garrett Wilson | G32: NYJ | H32: WR | I32: 32.08 | J32: 19 | K32: 45 | L32: =VLOOKUP(G32,byes!$A:$B,2,FALSE) -> 9 | M32: =IF(L32=5,1,0) -> 0 | N32: =IF(L32=6,1,0) -> 0 | O32: =IF(L32=7,1,0) -> 0 | P32: =IF(L32=8,1,0) -> 0 | Q32: =IF(L32=9,1,0) -> 1 | R32: =IF(L32=10,1,0) -> 0 | S32: =IF(L32=11,1,0) -> 0 | T32: =IF(L32=12,1,0) -> 0 | U32: =IF(L32=14,1,0) -> 0 | V32: =IF(H32="QB", 1, 0) -> 0 | W32: =IF(H32="RB",1,0) -> 0 | X32: =IF(H32="WR",1,0) -> 1 | Y32: =IF(H32="TE",1,0) -> 0 | Z32: =IF(OR(H32="RB",H32="WR",H32="TE"),1,0) -> 1 | AA32: 1 | AB32: =VLOOKUP(F32,[1]pff_ppr_projections!$B:$D,3,FALSE) -> 239.6 | AC32: =VLOOKUP(F32,[2]numberFire_ppr_projections!$A:$B,2,FALSE) -> 242.9 | AD32: =VLOOKUP(F32,[3]rotoballer_ppr_projections!$B:$G,6,FALSE) -> 237 | AE32: =VLOOKUP(F32,[4]ppr!$B:$E,4,FALSE) -> 223.8641 | AF32: =VLOOKUP(F32,[4]half_ppr!$B:$E,4,FALSE) -> 182.77304 | AG32: =VLOOKUP(F32,[4]std!$B:$E,4,FALSE) -> 141.68198 | AH32: =IFERROR(VLOOKUP(F32,[5]actual_week11_ppr_stats!$A:$B,2,FALSE),0) -> 99.5
A33: 32 | B33: 21121 | C33: Harrison Jr., Marvin | D33: {=_xlfn.TEXTSPLIT(C33, ", ")} -> Harrison Jr. | E33: Marvin | F33: =_xlfn.REGEXREPLACE(E33 & " " & D33, "\.", "") -> Marvin Harrison Jr | G33: ARZ | H33: WR | I33: 33.5 | J33: 22 | K33: 51 | L33: =VLOOKUP(G33,byes!$A:$B,2,FALSE) -> 8 | M33: =IF(L33=5,1,0) -> 0 | N33: =IF(L33=6,1,0) -> 0 | O33: =IF(L33=7,1,0) -> 0 | P33: =IF(L33=8,1,0) -> 1 | Q33: =IF(L33=9,1,0) -> 0 | R33: =IF(L33=10,1,0) -> 0 | S33: =IF(L33=11,1,0) -> 0 | T33: =IF(L33=12,1,0) -> 0 | U33: =IF(L33=14,1,0) -> 0 | V33: =IF(H33="QB", 1, 0) -> 0 | W33: =IF(H33="RB",1,0) -> 0 | X33: =IF(H33="WR",1,0) -> 1 | Y33: =IF(H33="TE",1,0) -> 0 | Z33: =IF(OR(H33="RB",H33="WR",H33="TE"),1,0) -> 1 | AA33: =IF(OR(H33="RB",H33="WR",H33="TE", H33="QB"),1,0) -> 1 | AB33: =VLOOKUP(F33,[1]pff_ppr_projections!$B:$D,3,FALSE) -> 233.1 | AC33: =VLOOKUP(F33,[2]numberFire_ppr_projections!$A:$B,2,FALSE) -> 264.8 | AD33: =VLOOKUP(F33,[3]rotoballer_ppr_projections!$B:$G,6,FALSE) -> 226 | AE33: =VLOOKUP(F33,[4]ppr!$B:$E,4,FALSE) -> 215.12763 | AF33: =VLOOKUP(F33,[4]half_ppr!$B:$E,4,FALSE) -> 176.25383 | AG33: =VLOOKUP(F33,[4]std!$B:$E,4,FALSE) -> 137.38003 | AH33: =IFERROR(VLOOKUP(F33,[5]actual_week11_ppr_stats!$A:$B,2,FALSE),0) -> 110.5
A34: 33 | B34: 22072 | C34: Henderson, TreVeyon | D34: {=_xlfn.TEXTSPLIT(C34, ", ")} -> Henderson | E34: TreVeyon | F34: =_xlfn.REGEXREPLACE(E34 & " " & D34, "\.", "") -> TreVeyon Henderson | G34: NE | H34: RB | I34: 34.22 | J34: 21 | K34: 49 | L34: =VLOOKUP(G34,byes!$A:$B,2,FALSE) -> 14 | M34: =IF(L34=5,1,0) -> 0 | N34: =IF(L34=6,1,0) -> 0 | O34: =IF(L34=7,1,0) -> 0 | P34: =IF(L34=8,1,0) -> 0 | Q34: =IF(L34=9,1,0) -> 0 | R34: =IF(L34=10,1,0) -> 0 | S34: =IF(L34=11,1,0) -> 0 | T34: =IF(L34=12,1,0) -> 0 | U34: =IF(L34=14,1,0) -> 1 | V34: =IF(H34="QB", 1, 0) -> 0 | W34: =IF(H34="RB",1,0) -> 1 | X34: =IF(H34="WR",1,0) -> 0 | Y34: =IF(H34="TE",1,0) -> 0 | Z34: =IF(OR(H34="RB",H34="WR",H34="TE"),1,0) -> 1 | AA34: 1 | AB34: =VLOOKUP(F34,[1]pff_ppr_projections!$B:$D,3,FALSE) -> 166.4 | AC34: =VLOOKUP(F34,[2]numberFire_ppr_projections!$A:$B,2,FALSE) -> 159.7 | AD34: =VLOOKUP(F34,[3]rotoballer_ppr_projections!$B:$G,6,FALSE) -> 198 | AE34: =VLOOKUP(F34,[4]ppr!$B:$E,4,FALSE) -> 228.1513 | AF34: =VLOOKUP(F34,[4]half_ppr!$B:$E,4,FALSE) -> 202.62759 | AG34: =VLOOKUP(F34,[4]std!$B:$E,4,FALSE) -> 177.10388 | AH34: =IFERROR(VLOOKUP(F34,[5]actual_week11_ppr_stats!$A:$B,2,FALSE),0) -> 127.7
A35: 34 | B35: 14725 | C35: Hill, Tyreek | D35: {=_xlfn.TEXTSPLIT(C35, ", ")} -> Hill | E35: Tyreek | F35: =_xlfn.REGEXREPLACE(E35 & " " & D35, "\.", "") -> Tyreek Hill | G35: MIA | H35: WR | I35: 34.68 | J35: 20 | K35: 46 | L35: =VLOOKUP(G35,byes!$A:$B,2,FALSE) -> 12 | M35: =IF(L35=5,1,0) -> 0 | N35: =IF(L35=6,1,0) -> 0 | O35: =IF(L35=7,1,0) -> 0 | P35: =IF(L35=8,1,0) -> 0 | Q35: =IF(L35=9,1,0) -> 0 | R35: =IF(L35=10,1,0) -> 0 | S35: =IF(L35=11,1,0) -> 0 | T35: =IF(L35=12,1,0) -> 1 | U35: =IF(L35=14,1,0) -> 0 | V35: =IF(H35="QB", 1, 0) -> 0 | W35: =IF(H35="RB",1,0) -> 0 | X35: =IF(H35="WR",1,0) -> 1 | Y35: =IF(H35="TE",1,0) -> 0 | Z35: =IF(OR(H35="RB",H35="WR",H35="TE"),1,0) -> 1 | AA35: 1 | AB35: =VLOOKUP(F35,[1]pff_ppr_projections!$B:$D,3,FALSE) -> 217.9 | AC35: =VLOOKUP(F35,[2]numberFire_ppr_projections!$A:$B,2,FALSE) -> 279.4 | AD35: =AVERAGE(AB35,AC35,AE35) -> 252.21347 | AE35: =VLOOKUP(F35,[4]ppr!$B:$E,4,FALSE) -> 259.3404 | AF35: =VLOOKUP(F35,[4]half_ppr!$B:$E,4,FALSE) -> 216.07226 | AG35: =VLOOKUP(F35,[4]std!$B:$E,4,FALSE) -> 172.80412 | AH35: =IFERROR(VLOOKUP(F35,[5]actual_week11_ppr_stats!$A:$B,2,FALSE),0) -> 53.5
A36: 35 | B36: 19467 | C36: Cook, James | D36: {=_xlfn.TEXTSPLIT(C36, ", ")} -> Cook | E36: James | F36: =_xlfn.REGEXREPLACE(E36 & " " & D36, "\.", "") -> James Cook | G36: BUF | H36: RB | I36: 37.26 | J36: 20 | K36: 51 | L36: =VLOOKUP(G36,byes!$A:$B,2,FALSE) -> 7 | M36: =IF(L36=5,1,0) -> 0 | N36: =IF(L36=6,1,0) -> 0 | O36: =IF(L36=7,1,0) -> 1 | P36: =IF(L36=8,1,0) -> 0 | Q36: =IF(L36=9,1,0) -> 0 | R36: =IF(L36=10,1,0) -> 0 | S36: =IF(L36=11,1,0) -> 0 | T36: =IF(L36=12,1,0) -> 0 | U36: =IF(L36=14,1,0) -> 0 | V36: =IF(H36="QB", 1, 0) -> 0 | W36: =IF(H36="RB",1,0) -> 1 | X36: =IF(H36="WR",1,0) -> 0 | Y36: =IF(H36="TE",1,0) -> 0 | Z36: =IF(OR(H36="RB",H36="WR",H36="TE"),1,0) -> 1 | AA36: 1 | AB36: =VLOOKUP(F36,[1]pff_ppr_projections!$B:$D,3,FALSE) -> 231.7 | AC36: =VLOOKUP(F36,[2]numberFire_ppr_projections!$A:$B,2,FALSE) -> 189.1 | AD36: =VLOOKUP(F36,[3]rotoballer_ppr_projections!$B:$G,6,FALSE) -> 233 | AE36: =VLOOKUP(F36,[4]ppr!$B:$E,4,FALSE) -> 210.17578 | AF36: =VLOOKUP(F36,[4]half_ppr!$B:$E,4,FALSE) -> 195.18879 | AG36: =VLOOKUP(F36,[4]std!$B:$E,4,FALSE) -> 180.20181 | AH36: =IFERROR(VLOOKUP(F36,[5]actual_week11_ppr_stats!$A:$B,2,FALSE),0) -> 206.7
A37: 36 | B37: 22059 | C37: McMillan, Tetairoa | D37: {=_xlfn.TEXTSPLIT(C37, ", ")} -> McMillan | E37: Tetairoa | F37: =_xlfn.REGEXREPLACE(E37 & " " & D37, "\.", "") -> Tetairoa McMillan | G37: CAR | H37: WR | I37: 37.47 | J37: 26 | K37: 51 | L37: =VLOOKUP(G37,byes!$A:$B,2,FALSE) -> 14 | M37: =IF(L37=5,1,0) -> 0 | N37: =IF(L37=6,1,0) -> 0 | O37: =IF(L37=7,1,0) -> 0 | P37: =IF(L37=8,1,0) -> 0 | Q37: =IF(L37=9,1,0) -> 0 | R37: =IF(L37=10,1,0) -> 0 | S37: =IF(L37=11,1,0) -> 0 | T37: =IF(L37=12,1,0) -> 0 | U37: =IF(L37=14,1,0) -> 1 | V37: =IF(H37="QB", 1, 0) -> 0 | W37: =IF(H37="RB",1,0) -> 0 | X37: =IF(H37="WR",1,0) -> 1 | Y37: =IF(H37="TE",1,0) -> 0 | Z37: =IF(OR(H37="RB",H37="WR",H37="TE"),1,0) -> 1 | AA37: =IF(OR(H37="RB",H37="WR",H37="TE", H37="QB"),1,0) -> 1 | AB37: =VLOOKUP(F37,[1]pff_ppr_projections!$B:$D,3,FALSE) -> 216.1 | AC37: =VLOOKUP(F37,[2]numberFire_ppr_projections!$A:$B,2,FALSE) -> 144.6 | AD37: =VLOOKUP(F37,[3]rotoballer_ppr_projections!$B:$G,6,FALSE) -> 210 | AE37: =VLOOKUP(F37,[4]ppr!$B:$E,4,FALSE) -> 229.93787 | AF37: =VLOOKUP(F37,[4]half_ppr!$B:$E,4,FALSE) -> 188.13099 | AG37: =VLOOKUP(F37,[4]std!$B:$E,4,FALSE) -> 146.3241 | AH37: =IFERROR(VLOOKUP(F37,[5]actual_week11_ppr_stats!$A:$B,2,FALSE),0) -> 152.8
A38: 37 | B38: 12729 | C38: Adams, Davante | D38: {=_xlfn.TEXTSPLIT(C38, ", ")} -> Adams | E38: Davante | F38: =_xlfn.REGEXREPLACE(E38 & " " & D38, "\.", "") -> Davante Adams | G38: LA | H38: WR | I38: 38.46 | J38: 18 | K38: 51 | L38: =VLOOKUP(G38,byes!$A:$B,2,FALSE) -> 8 | M38: =IF(L38=5,1,0) -> 0 | N38: =IF(L38=6,1,0) -> 0 | O38: =IF(L38=7,1,0) -> 0 | P38: =IF(L38=8,1,0) -> 1 | Q38: =IF(L38=9,1,0) -> 0 | R38: =IF(L38=10,1,0) -> 0 | S38: =IF(L38=11,1,0) -> 0 | T38: =IF(L38=12,1,0) -> 0 | U38: =IF(L38=14,1,0) -> 0 | V38: =IF(H38="QB", 1, 0) -> 0 | W38: =IF(H38="RB",1,0) -> 0 | X38: =IF(H38="WR",1,0) -> 1 | Y38: =IF(H38="TE",1,0) -> 0 | Z38: =IF(OR(H38="RB",H38="WR",H38="TE"),1,0) -> 1 | AA38: 1 | AB38: =VLOOKUP(F38,[1]pff_ppr_projections!$B:$D,3,FALSE) -> 225.2 | AC38: =VLOOKUP(F38,[2]numberFire_ppr_projections!$A:$B,2,FALSE) -> 226.8 | AD38: =VLOOKUP(F38,[3]rotoballer_ppr_projections!$B:$G,6,FALSE) -> 250 | AE38: =VLOOKUP(F38,[4]ppr!$B:$E,4,FALSE) -> 261.73059 | AF38: =VLOOKUP(F38,[4]half_ppr!$B:$E,4,FALSE) -> 214.99299 | AG38: =VLOOKUP(F38,[4]std!$B:$E,4,FALSE) -> 168.25538 | AH38: =IFERROR(VLOOKUP(F38,[5]actual_week11_ppr_stats!$A:$B,2,FALSE),0) -> 159.9
A39: 38 | B39: 17062 | C39: McLaurin, Terry | D39: {=_xlfn.TEXTSPLIT(C39, ", ")} -> McLaurin | E39: Terry | F39: =_xlfn.REGEXREPLACE(E39 & " " & D39, "\.", "") -> Terry McLaurin | G39: WAS | H39: WR | I39: 38.48 | J39: 27 | K39: 49 | L39: =VLOOKUP(G39,byes!$A:$B,2,FALSE) -> 12 | M39: =IF(L39=5,1,0) -> 0 | N39: =IF(L39=6,1,0) -> 0 | O39: =IF(L39=7,1,0) -> 0 | P39: =IF(L39=8,1,0) -> 0 | Q39: =IF(L39=9,1,0) -> 0 | R39: =IF(L39=10,1,0) -> 0 | S39: =IF(L39=11,1,0) -> 0 | T39: =IF(L39=12,1,0) -> 1 | U39: =IF(L39=14,1,0) -> 0 | V39: =IF(H39="QB", 1, 0) -> 0 | W39: =IF(H39="RB",1,0) -> 0 | X39: =IF(H39="WR",1,0) -> 1 | Y39: =IF(H39="TE",1,0) -> 0 | Z39: =IF(OR(H39="RB",H39="WR",H39="TE"),1,0) -> 1 | AA39: 1 | AB39: =VLOOKUP(F39,[1]pff_ppr_projections!$B:$D,3,FALSE) -> 235 | AC39: =VLOOKUP(F39,[2]numberFire_ppr_projections!$A:$B,2,FALSE) -> 253.9 | AD39: =VLOOKUP(F39,[3]rotoballer_ppr_projections!$B:$G,6,FALSE) -> 250 | AE39: =VLOOKUP(F39,[4]ppr!$B:$E,4,FALSE) -> 247.29141 | AF39: =VLOOKUP(F39,[4]half_ppr!$B:$E,4,FALSE) -> 205.14905 | AG39: =VLOOKUP(F39,[4]std!$B:$E,4,FALSE) -> 163.00668 | AH39: =IFERROR(VLOOKUP(F39,[5]actual_week11_ppr_stats!$A:$B,2,FALSE),0) -> 39.3
A40: 39 | B40: 12686 | C40: Evans, Mike | D40: {=_xlfn.TEXTSPLIT(C40, ", ")} -> Evans | E40: Mike | F40: =_xlfn.REGEXREPLACE(E40 & " " & D40, "\.", "") -> Mike Evans | G40: TB | H40: WR | I40: 38.74 | J40: 27 | K40: 51 | L40: =VLOOKUP(G40,byes!$A:$B,2,FALSE) -> 9 | M40: =IF(L40=5,1,0) -> 0 | N40: =IF(L40=6,1,0) -> 0 | O40: =IF(L40=7,1,0) -> 0 | P40: =IF(L40=8,1,0) -> 0 | Q40: =IF(L40=9,1,0) -> 1 | R40: =IF(L40=10,1,0) -> 0 | S40: =IF(L40=11,1,0) -> 0 | T40: =IF(L40=12,1,0) -> 0 | U40: =IF(L40=14,1,0) -> 0 | V40: =IF(H40="QB", 1, 0) -> 0 | W40: =IF(H40="RB",1,0) -> 0 | X40: =IF(H40="WR",1,0) -> 1 | Y40: =IF(H40="TE",1,0) -> 0 | Z40: =IF(OR(H40="RB",H40="WR",H40="TE"),1,0) -> 1 | AA40: 1 | AB40: =VLOOKUP(F40,[1]pff_ppr_projections!$B:$D,3,FALSE) -> 232.6 | AC40: =VLOOKUP(F40,[2]numberFire_ppr_projections!$A:$B,2,FALSE) -> 252.5 | AD40: =VLOOKUP(F40,[3]rotoballer_ppr_projections!$B:$G,6,FALSE) -> 251 | AE40: =VLOOKUP(F40,[4]ppr!$B:$E,4,FALSE) -> 245.72232 | AF40: =VLOOKUP(F40,[4]half_ppr!$B:$E,4,FALSE) -> 205.46637 | AG40: =VLOOKUP(F40,[4]std!$B:$E,4,FALSE) -> 165.21042 | AH40: =IFERROR(VLOOKUP(F40,[5]actual_week11_ppr_stats!$A:$B,2,FALSE),0) -> 34
A41: 40 | B41: 17968 | C41: Burrow, Joe | D41: {=_xlfn.TEXTSPLIT(C41, ", ")} -> Burrow | E41: Joe | F41: =_xlfn.REGEXREPLACE(E41 & " " & D41, "\.", "") -> Joe Burrow | G41: CIN | H41: QB | I41: 39.01 | J41: 24 | K41: 58 | L41: =VLOOKUP(G41,byes!$A:$B,2,FALSE) -> 10 | M41: =IF(L41=5,1,0) -> 0 | N41: =IF(L41=6,1,0) -> 0 | O41: =IF(L41=7,1,0) -> 0 | P41: =IF(L41=8,1,0) -> 0 | Q41: =IF(L41=9,1,0) -> 0 | R41: =IF(L41=10,1,0) -> 1 | S41: =IF(L41=11,1,0) -> 0 | T41: =IF(L41=12,1,0) -> 0 | U41: =IF(L41=14,1,0) -> 0 | V41: =IF(H41="QB", 1, 0) -> 1 | W41: =IF(H41="RB",1,0) -> 0 | X41: =IF(H41="WR",1,0) -> 0 | Y41: =IF(H41="TE",1,0) -> 0 | Z41: =IF(OR(H41="RB",H41="WR",H41="TE"),1,0) -> 0 | AA41: =IF(OR(H41="RB",H41="WR",H41="TE", H41="QB"),1,0) -> 1 | AB41: =VLOOKUP(F41,[1]pff_ppr_projections!$B:$D,3,FALSE) -> 314.9 | AC41: =VLOOKUP(F41,[2]numberFire_ppr_projections!$A:$B,2,FALSE) -> 338.9 | AD41: =VLOOKUP(F41,[3]rotoballer_ppr_projections!$B:$G,6,FALSE) -> 331 | AE41: =VLOOKUP(F41,[4]ppr!$B:$E,4,FALSE) -> 338.95905 | AF41: =VLOOKUP(F41,[4]half_ppr!$B:$E,4,FALSE) -> 338.95905 | AG41: =VLOOKUP(F41,[4]std!$B:$E,4,FALSE) -> 338.95905 | AH41: =IFERROR(VLOOKUP(F41,[5]actual_week11_ppr_stats!$A:$B,2,FALSE),0) -> 15.9
A42: 41 | B42: 21128 | C42: Worthy, Xavier | D42: {=_xlfn.TEXTSPLIT(C42, ", ")} -> Worthy | E42: Xavier | F42: =_xlfn.REGEXREPLACE(E42 & " " & D42, "\.", "") -> Xavier Worthy | G42: KC | H42: WR | I42: 40.7 | J42: 28 | K42: 58 | L42: =VLOOKUP(G42,byes!$A:$B,2,FALSE) -> 10 | M42: =IF(L42=5,1,0) -> 0 | N42: =IF(L42=6,1,0) -> 0 | O42: =IF(L42=7,1,0) -> 0 | P42: =IF(L42=8,1,0) -> 0 | Q42: =IF(L42=9,1,0) -> 0 | R42: =IF(L42=10,1,0) -> 1 | S42: =IF(L42=11,1,0) -> 0 | T42: =IF(L42=12,1,0) -> 0 | U42: =IF(L42=14,1,0) -> 0 | V42: =IF(H42="QB", 1, 0) -> 0 | W42: =IF(H42="RB",1,0) -> 0 | X42: =IF(H42="WR",1,0) -> 1 | Y42: =IF(H42="TE",1,0) -> 0 | Z42: =IF(OR(H42="RB",H42="WR",H42="TE"),1,0) -> 1 | AA42: 1 | AB42: =VLOOKUP(F42,[1]pff_ppr_projections!$B:$D,3,FALSE) -> 213.6 | AC42: =VLOOKUP(F42,[2]numberFire_ppr_projections!$A:$B,2,FALSE) -> 200.1 | AD42: =VLOOKUP(F42,[3]rotoballer_ppr_projections!$B:$G,6,FALSE) -> 218 | AE42: =VLOOKUP(F42,[4]ppr!$B:$E,4,FALSE) -> 243.96871 | AF42: =VLOOKUP(F42,[4]half_ppr!$B:$E,4,FALSE) -> 201.37469 | AG42: =VLOOKUP(F42,[4]std!$B:$E,4,FALSE) -> 158.78067 | AH42: =IFERROR(VLOOKUP(F42,[5]actual_week11_ppr_stats!$A:$B,2,FALSE),0) -> 68.4
A43: 42 | B43: 21126 | C43: Daniels, Jayden | D43: {=_xlfn.TEXTSPLIT(C43, ", ")} -> Daniels | E43: Jayden | F43: =_xlfn.REGEXREPLACE(E43 & " " & D43, "\.", "") -> Jayden Daniels | G43: WAS | H43: QB | I43: 41.14 | J43: 25 | K43: 58 | L43: =VLOOKUP(G43,byes!$A:$B,2,FALSE) -> 12 | M43: =IF(L43=5,1,0) -> 0 | N43: =IF(L43=6,1,0) -> 0 | O43: =IF(L43=7,1,0) -> 0 | P43: =IF(L43=8,1,0) -> 0 | Q43: =IF(L43=9,1,0) -> 0 | R43: =IF(L43=10,1,0) -> 0 | S43: =IF(L43=11,1,0) -> 0 | T43: =IF(L43=12,1,0) -> 1 | U43: =IF(L43=14,1,0) -> 0 | V43: =IF(H43="QB", 1, 0) -> 1 | W43: =IF(H43="RB",1,0) -> 0 | X43: =IF(H43="WR",1,0) -> 0 | Y43: =IF(H43="TE",1,0) -> 0 | Z43: =IF(OR(H43="RB",H43="WR",H43="TE"),1,0) -> 0 | AA43: 1 | AB43: =VLOOKUP(F43,[1]pff_ppr_projections!$B:$D,3,FALSE) -> 339.5 | AC43: =VLOOKUP(F43,[2]numberFire_ppr_projections!$A:$B,2,FALSE) -> 335.9 | AD43: =VLOOKUP(F43,[3]rotoballer_ppr_projections!$B:$G,6,FALSE) -> 360 | AE43: =VLOOKUP(F43,[4]ppr!$B:$E,4,FALSE) -> 368.27823 | AF43: =VLOOKUP(F43,[4]half_ppr!$B:$E,4,FALSE) -> 368.27823 | AG43: =VLOOKUP(F43,[4]std!$B:$E,4,FALSE) -> 368.27823 | AH43: =IFERROR(VLOOKUP(F43,[5]actual_week11_ppr_stats!$A:$B,2,FALSE),0) -> 115.6
A44: 43 | B44: 15360 | C44: Kittle, George | D44: {=_xlfn.TEXTSPLIT(C44, ", ")} -> Kittle | E44: George | F44: =_xlfn.REGEXREPLACE(E44 & " " & D44, "\.", "") -> George Kittle | G44: SF | H44: TE | I44: 42.31 | J44: 28 | K44: 57 | L44: =VLOOKUP(G44,byes!$A:$B,2,FALSE) -> 14 | M44: =IF(L44=5,1,0) -> 0 | N44: =IF(L44=6,1,0) -> 0 | O44: =IF(L44=7,1,0) -> 0 | P44: =IF(L44=8,1,0) -> 0 | Q44: =IF(L44=9,1,0) -> 0 | R44: =IF(L44=10,1,0) -> 0 | S44: =IF(L44=11,1,0) -> 0 | T44: =IF(L44=12,1,0) -> 0 | U44: =IF(L44=14,1,0) -> 1 | V44: =IF(H44="QB", 1, 0) -> 0 | W44: =IF(H44="RB",1,0) -> 0 | X44: =IF(H44="WR",1,0) -> 0 | Y44: =IF(H44="TE",1,0) -> 1 | Z44: =IF(OR(H44="RB",H44="WR",H44="TE"),1,0) -> 1 | AA44: 1 | AB44: =VLOOKUP(F44,[1]pff_ppr_projections!$B:$D,3,FALSE) -> 209.3 | AC44: =VLOOKUP(F44,[2]numberFire_ppr_projections!$A:$B,2,FALSE) -> 225.5 | AD44: =VLOOKUP(F44,[3]rotoballer_ppr_projections!$B:$G,6,FALSE) -> 226 | AE44: =VLOOKUP(F44,[4]ppr!$B:$E,4,FALSE) -> 240.23835 | AF44: =VLOOKUP(F44,[4]half_ppr!$B:$E,4,FALSE) -> 199.35368 | AG44: =VLOOKUP(F44,[4]std!$B:$E,4,FALSE) -> 158.469 | AH44: =IFERROR(VLOOKUP(F44,[5]actual_week11_ppr_stats!$A:$B,2,FALSE),0) -> 81.8
A45: 44 | B45: 19430 | C45: Walker III, Kenneth | D45: {=_xlfn.TEXTSPLIT(C45, ", ")} -> Walker III | E45: Kenneth | F45: =_xlfn.REGEXREPLACE(E45 & " " & D45, "\.", "") -> Kenneth Walker III | G45: SEA | H45: RB | I45: 43.19 | J45: 24 | K45: 59 | L45: =VLOOKUP(G45,byes!$A:$B,2,FALSE) -> 8 | M45: =IF(L45=5,1,0) -> 0 | N45: =IF(L45=6,1,0) -> 0 | O45: =IF(L45=7,1,0) -> 0 | P45: =IF(L45=8,1,0) -> 1 | Q45: =IF(L45=9,1,0) -> 0 | R45: =IF(L45=10,1,0) -> 0 | S45: =IF(L45=11,1,0) -> 0 | T45: =IF(L45=12,1,0) -> 0 | U45: =IF(L45=14,1,0) -> 0 | V45: =IF(H45="QB", 1, 0) -> 0 | W45: =IF(H45="RB",1,0) -> 1 | X45: =IF(H45="WR",1,0) -> 0 | Y45: =IF(H45="TE",1,0) -> 0 | Z45: =IF(OR(H45="RB",H45="WR",H45="TE"),1,0) -> 1 | AA45: =IF(OR(H45="RB",H45="WR",H45="TE", H45="QB"),1,0) -> 1 | AB45: =VLOOKUP(F45,[1]pff_ppr_projections!$B:$D,3,FALSE) -> 248.1 | AC45: =VLOOKUP(F45,[2]numberFire_ppr_projections!$A:$B,2,FALSE) -> 210.8 | AD45: =VLOOKUP(F45,[3]rotoballer_ppr_projections!$B:$G,6,FALSE) -> 213 | AE45: =VLOOKUP(F45,[4]ppr!$B:$E,4,FALSE) -> 220.92864 | AF45: =VLOOKUP(F45,[4]half_ppr!$B:$E,4,FALSE) -> 203.22541 | AG45: =VLOOKUP(F45,[4]std!$B:$E,4,FALSE) -> 185.52218 | AH45: =IFERROR(VLOOKUP(F45,[5]actual_week11_ppr_stats!$A:$B,2,FALSE),0) -> 111.3
A46: 45 | B46: 16066 | C46: Sutton, Courtland | D46: {=_xlfn.TEXTSPLIT(C46, ", ")} -> Sutton | E46: Courtland | F46: =_xlfn.REGEXREPLACE(E46 & " " & D46, "\.", "") -> Courtland Sutton | G46: DEN | H46: WR | I46: 44.55 | J46: 33 | K46: 56 | L46: =VLOOKUP(G46,byes!$A:$B,2,FALSE) -> 12 | M46: =IF(L46=5,1,0) -> 0 | N46: =IF(L46=6,1,0) -> 0 | O46: =IF(L46=7,1,0) -> 0 | P46: =IF(L46=8,1,0) -> 0 | Q46: =IF(L46=9,1,0) -> 0 | R46: =IF(L46=10,1,0) -> 0 | S46: =IF(L46=11,1,0) -> 0 | T46: =IF(L46=12,1,0) -> 1 | U46: =IF(L46=14,1,0) -> 0 | V46: =IF(H46="QB", 1, 0) -> 0 | W46: =IF(H46="RB",1,0) -> 0 | X46: =IF(H46="WR",1,0) -> 1 | Y46: =IF(H46="TE",1,0) -> 0 | Z46: =IF(OR(H46="RB",H46="WR",H46="TE"),1,0) -> 1 | AA46: 1 | AB46: =VLOOKUP(F46,[1]pff_ppr_projections!$B:$D,3,FALSE) -> 202.6 | AC46: =VLOOKUP(F46,[2]numberFire_ppr_projections!$A:$B,2,FALSE) -> 222.6 | AD46: =VLOOKUP(F46,[3]rotoballer_ppr_projections!$B:$G,6,FALSE) -> 217 | AE46: =VLOOKUP(F46,[4]ppr!$B:$E,4,FALSE) -> 230.81271 | AF46: =VLOOKUP(F46,[4]half_ppr!$B:$E,4,FALSE) -> 190.11936 | AG46: =VLOOKUP(F46,[4]std!$B:$E,4,FALSE) -> 149.426 | AH46: =IFERROR(VLOOKUP(F46,[5]actual_week11_ppr_stats!$A:$B,2,FALSE),0) -> 133.9
A47: 46 | B47: 19437 | C47: Pickens, George | D47: {=_xlfn.TEXTSPLIT(C47, ", ")} -> Pickens | E47: George | F47: =_xlfn.REGEXREPLACE(E47 & " " & D47, "\.", "") -> George Pickens | G47: DAL | H47: WR | I47: 46.53 | J47: 35 | K47: 66 | L47: =VLOOKUP(G47,byes!$A:$B,2,FALSE) -> 10 | M47: =IF(L47=5,1,0) -> 0 | N47: =IF(L47=6,1,0) -> 0 | O47: =IF(L47=7,1,0) -> 0 | P47: =IF(L47=8,1,0) -> 0 | Q47: =IF(L47=9,1,0) -> 0 | R47: =IF(L47=10,1,0) -> 1 | S47: =IF(L47=11,1,0) -> 0 | T47: =IF(L47=12,1,0) -> 0 | U47: =IF(L47=14,1,0) -> 0 | V47: =IF(H47="QB", 1, 0) -> 0 | W47: =IF(H47="RB",1,0) -> 0 | X47: =IF(H47="WR",1,0) -> 1 | Y47: =IF(H47="TE",1,0) -> 0 | Z47: =IF(OR(H47="RB",H47="WR",H47="TE"),1,0) -> 1 | AA47: 1 | AB47: =VLOOKUP(F47,[1]pff_ppr_projections!$B:$D,3,FALSE) -> 191.1 | AC47: =VLOOKUP(F47,[2]numberFire_ppr_projections!$A:$B,2,FALSE) -> 188.7 | AD47: =VLOOKUP(F47,[3]rotoballer_ppr_projections!$B:$G,6,FALSE) -> 221 | AE47: =VLOOKUP(F47,[4]ppr!$B:$E,4,FALSE) -> 231.76394 | AF47: =VLOOKUP(F47,[4]half_ppr!$B:$E,4,FALSE) -> 192.0239 | AG47: =VLOOKUP(F47,[4]std!$B:$E,4,FALSE) -> 152.28385 | AH47: =IFERROR(VLOOKUP(F47,[5]actual_week11_ppr_stats!$A:$B,2,FALSE),0) -> 190.8
A48: 47 | B48: 19427 | C48: Hall, Breece | D48: {=_xlfn.TEXTSPLIT(C48, ", ")} -> Hall | E48: Breece | F48: =_xlfn.REGEXREPLACE(E48 & " " & D48, "\.", "") -> Breece Hall | G48: NYJ | H48: RB | I48: 47.58 | J48: 24 | K48: 65 | L48: =VLOOKUP(G48,byes!$A:$B,2,FALSE) -> 9 | M48: =IF(L48=5,1,0) -> 0 | N48: =IF(L48=6,1,0) -> 0 | O48: =IF(L48=7,1,0) -> 0 | P48: =IF(L48=8,1,0) -> 0 | Q48: =IF(L48=9,1,0) -> 1 | R48: =IF(L48=10,1,0) -> 0 | S48: =IF(L48=11,1,0) -> 0 | T48: =IF(L48=12,1,0) -> 0 | U48: =IF(L48=14,1,0) -> 0 | V48: =IF(H48="QB", 1, 0) -> 0 | W48: =IF(H48="RB",1,0) -> 1 | X48: =IF(H48="WR",1,0) -> 0 | Y48: =IF(H48="TE",1,0) -> 0 | Z48: =IF(OR(H48="RB",H48="WR",H48="TE"),1,0) -> 1 | AA48: 1 | AB48: =VLOOKUP(F48,[1]pff_ppr_projections!$B:$D,3,FALSE) -> 223.3 | AC48: =VLOOKUP(F48,[2]numberFire_ppr_projections!$A:$B,2,FALSE) -> 218.8 | AD48: =VLOOKUP(F48,[3]rotoballer_ppr_projections!$B:$G,6,FALSE) -> 210 | AE48: =VLOOKUP(F48,[4]ppr!$B:$E,4,FALSE) -> 203.90803 | AF48: =VLOOKUP(F48,[4]half_ppr!$B:$E,4,FALSE) -> 181.56309 | AG48: =VLOOKUP(F48,[4]std!$B:$E,4,FALSE) -> 159.21815 | AH48: =IFERROR(VLOOKUP(F48,[5]actual_week11_ppr_stats!$A:$B,2,FALSE),0) -> 136.8
A49: 48 | B49: 17002 | C49: Metcalf, D.K. | D49: {=_xlfn.TEXTSPLIT(C49, ", ")} -> Metcalf | E49: D.K. | F49: =_xlfn.REGEXREPLACE(E49 & " " & D49, "\.", "") -> DK Metcalf | G49: PIT | H49: WR | I49: 48.71 | J49: 31 | K49: 59 | L49: =VLOOKUP(G49,byes!$A:$B,2,FALSE) -> 5 | M49: =IF(L49=5,1,0) -> 1 | N49: =IF(L49=6,1,0) -> 0 | O49: =IF(L49=7,1,0) -> 0 | P49: =IF(L49=8,1,0) -> 0 | Q49: =IF(L49=9,1,0) -> 0 | R49: =IF(L49=10,1,0) -> 0 | S49: =IF(L49=11,1,0) -> 0 | T49: =IF(L49=12,1,0) -> 0 | U49: =IF(L49=14,1,0) -> 0 | V49: =IF(H49="QB", 1, 0) -> 0 | W49: =IF(H49="RB",1,0) -> 0 | X49: =IF(H49="WR",1,0) -> 1 | Y49: =IF(H49="TE",1,0) -> 0 | Z49: =IF(OR(H49="RB",H49="WR",H49="TE"),1,0) -> 1 | AA49: =IF(OR(H49="RB",H49="WR",H49="TE", H49="QB"),1,0) -> 1 | AB49: =VLOOKUP(F49,[1]pff_ppr_projections!$B:$D,3,FALSE) -> 223.4 | AC49: =VLOOKUP(F49,[2]numberFire_ppr_projections!$A:$B,2,FALSE) -> 229.7 | AD49: =VLOOKUP(F49,[3]rotoballer_ppr_projections!$B:$G,6,FALSE) -> 238 | AE49: =VLOOKUP(F49,[4]ppr!$B:$E,4,FALSE) -> 236.12369 | AF49: =VLOOKUP(F49,[4]half_ppr!$B:$E,4,FALSE) -> 196.47902 | AG49: =VLOOKUP(F49,[4]std!$B:$E,4,FALSE) -> 156.83434 | AH49: =IFERROR(VLOOKUP(F49,[5]actual_week11_ppr_stats!$A:$B,2,FALSE),0) -> 122.1
A50: 49 | B50: 15293 | C50: Kamara, Alvin | D50: {=_xlfn.TEXTSPLIT(C50, ", ")} -> Kamara | E50: Alvin | F50: =_xlfn.REGEXREPLACE(E50 & " " & D50, "\.", "") -> Alvin Kamara | G50: NO | H50: RB | I50: 48.85 | J50: 36 | K50: 61 | L50: =VLOOKUP(G50,byes!$A:$B,2,FALSE) -> 11 | M50: =IF(L50=5,1,0) -> 0 | N50: =IF(L50=6,1,0) -> 0 | O50: =IF(L50=7,1,0) -> 0 | P50: =IF(L50=8,1,0) -> 0 | Q50: =IF(L50=9,1,0) -> 0 | R50: =IF(L50=10,1,0) -> 0 | S50: =IF(L50=11,1,0) -> 1 | T50: =IF(L50=12,1,0) -> 0 | U50: =IF(L50=14,1,0) -> 0 | V50: =IF(H50="QB", 1, 0) -> 0 | W50: =IF(H50="RB",1,0) -> 1 | X50: =IF(H50="WR",1,0) -> 0 | Y50: =IF(H50="TE",1,0) -> 0 | Z50: =IF(OR(H50="RB",H50="WR",H50="TE"),1,0) -> 1 | AA50: 1 | AB50: =VLOOKUP(F50,[1]pff_ppr_projections!$B:$D,3,FALSE) -> 221.6 | AC50: =VLOOKUP(F50,[2]numberFire_ppr_projections!$A:$B,2,FALSE) -> 204.5 | AD50: =VLOOKUP(F50,[3]rotoballer_ppr_projections!$B:$G,6,FALSE) -> 230 | AE50: =VLOOKUP(F50,[4]ppr!$B:$E,4,FALSE) -> 272.77219 | AF50: =VLOOKUP(F50,[4]half_ppr!$B:$E,4,FALSE) -> 237.14694 | AG50: =VLOOKUP(F50,[4]std!$B:$E,4,FALSE) -> 201.52169 | AH50: =IFERROR(VLOOKUP(F50,[5]actual_week11_ppr_stats!$A:$B,2,FALSE),0) -> 101.2
A51: 50 | B51: 16134 | C51: Moore, DJ | D51: {=_xlfn.TEXTSPLIT(C51, ", ")} -> Moore | E51: DJ | F51: =_xlfn.REGEXREPLACE(E51 & " " & D51, "\.", "") -> DJ Moore | G51: CHI | H51: WR | I51: 49.28 | J51: 37 | K51: 64 | L51: =VLOOKUP(G51,byes!$A:$B,2,FALSE) -> 5 | M51: =IF(L51=5,1,0) -> 1 | N51: =IF(L51=6,1,0) -> 0 | O51: =IF(L51=7,1,0) -> 0 | P51: =IF(L51=8,1,0) -> 0 | Q51: =IF(L51=9,1,0) -> 0 | R51: =IF(L51=10,1,0) -> 0 | S51: =IF(L51=11,1,0) -> 0 | T51: =IF(L51=12,1,0) -> 0 | U51: =IF(L51=14,1,0) -> 0 | V51: =IF(H51="QB", 1, 0) -> 0 | W51: =IF(H51="RB",1,0) -> 0 | X51: =IF(H51="WR",1,0) -> 1 | Y51: =IF(H51="TE",1,0) -> 0 | Z51: =IF(OR(H51="RB",H51="WR",H51="TE"),1,0) -> 1 | AA51: 1 | AB51: =VLOOKUP(F51,[1]pff_ppr_projections!$B:$D,3,FALSE) -> 223.4 | AC51: =VLOOKUP(F51,[2]numberFire_ppr_projections!$A:$B,2,FALSE) -> 210.1 | AD51: =VLOOKUP(F51,[3]rotoballer_ppr_projections!$B:$G,6,FALSE) -> 234 | AE51: =VLOOKUP(F51,[4]ppr!$B:$E,4,FALSE) -> 217.14132 | AF51: =VLOOKUP(F51,[4]half_ppr!$B:$E,4,FALSE) -> 178.75531 | AG51: =VLOOKUP(F51,[4]std!$B:$E,4,FALSE) -> 140.36929 | AH51: =IFERROR(VLOOKUP(F51,[5]actual_week11_ppr_stats!$A:$B,2,FALSE),0) -> 90.8
A52: 51 | B52: 17999 | C52: Hurts, Jalen | D52: {=_xlfn.TEXTSPLIT(C52, ", ")} -> Hurts | E52: Jalen | F52: =_xlfn.REGEXREPLACE(E52 & " " & D52, "\.", "") -> Jalen Hurts | G52: PHI | H52: QB | I52: 50.39 | J52: 23 | K52: 68 | L52: =VLOOKUP(G52,byes!$A:$B,2,FALSE) -> 9 | M52: =IF(L52=5,1,0) -> 0 | N52: =IF(L52=6,1,0) -> 0 | O52: =IF(L52=7,1,0) -> 0 | P52: =IF(L52=8,1,0) -> 0 | Q52: =IF(L52=9,1,0) -> 1 | R52: =IF(L52=10,1,0) -> 0 | S52: =IF(L52=11,1,0) -> 0 | T52: =IF(L52=12,1,0) -> 0 | U52: =IF(L52=14,1,0) -> 0 | V52: =IF(H52="QB", 1, 0) -> 1 | W52: =IF(H52="RB",1,0) -> 0 | X52: =IF(H52="WR",1,0) -> 0 | Y52: =IF(H52="TE",1,0) -> 0 | Z52: =IF(OR(H52="RB",H52="WR",H52="TE"),1,0) -> 0 | AA52: 1 | AB52: =VLOOKUP(F52,[1]pff_ppr_projections!$B:$D,3,FALSE) -> 333.3 | AC52: =VLOOKUP(F52,[2]numberFire_ppr_projections!$A:$B,2,FALSE) -> 348.7 | AD52: =VLOOKUP(F52,[3]rotoballer_ppr_projections!$B:$G,6,FALSE) -> 355 | AE52: =VLOOKUP(F52,[4]ppr!$B:$E,4,FALSE) -> 361.81824 | AF52: =VLOOKUP(F52,[4]half_ppr!$B:$E,4,FALSE) -> 361.81824 | AG52: =VLOOKUP(F52,[4]std!$B:$E,4,FALSE) -> 361.81824 | AH52: =IFERROR(VLOOKUP(F52,[5]actual_week11_ppr_stats!$A:$B,2,FALSE),0) -> 205.3
A53: 52 | B53: 16065 | C53: Ridley, Calvin | D53: {=_xlfn.TEXTSPLIT(C53, ", ")} -> Ridley | E53: Calvin | F53: =_xlfn.REGEXREPLACE(E53 & " " & D53, "\.", "") -> Calvin Ridley | G53: TEN | H53: WR | I53: 50.92 | J53: 34 | K53: 61 | L53: =VLOOKUP(G53,byes!$A:$B,2,FALSE) -> 10 | M53: =IF(L53=5,1,0) -> 0 | N53: =IF(L53=6,1,0) -> 0 | O53: =IF(L53=7,1,0) -> 0 | P53: =IF(L53=8,1,0) -> 0 | Q53: =IF(L53=9,1,0) -> 0 | R53: =IF(L53=10,1,0) -> 1 | S53: =IF(L53=11,1,0) -> 0 | T53: =IF(L53=12,1,0) -> 0 | U53: =IF(L53=14,1,0) -> 0 | V53: =IF(H53="QB", 1, 0) -> 0 | W53: =IF(H53="RB",1,0) -> 0 | X53: =IF(H53="WR",1,0) -> 1 | Y53: =IF(H53="TE",1,0) -> 0 | Z53: =IF(OR(H53="RB",H53="WR",H53="TE"),1,0) -> 1 | AA53: =IF(OR(H53="RB",H53="WR",H53="TE", H53="QB"),1,0) -> 1 | AB53: =VLOOKUP(F53,[1]pff_ppr_projections!$B:$D,3,FALSE) -> 191.6 | AC53: =VLOOKUP(F53,[2]numberFire_ppr_projections!$A:$B,2,FALSE) -> 209.4 | AD53: =VLOOKUP(F53,[3]rotoballer_ppr_projections!$B:$G,6,FALSE) -> 214 | AE53: =VLOOKUP(F53,[4]ppr!$B:$E,4,FALSE) -> 240.58109 | AF53: =VLOOKUP(F53,[4]half_ppr!$B:$E,4,FALSE) -> 200.06558 | AG53: =VLOOKUP(F53,[4]std!$B:$E,4,FALSE) -> 159.55008 | AH53: =IFERROR(VLOOKUP(F53,[5]actual_week11_ppr_stats!$A:$B,2,FALSE),0) -> 47.3
A54: 53 | B54: 19435 | C54: Williams, Jameson | D54: {=_xlfn.TEXTSPLIT(C54, ", ")} -> Williams | E54: Jameson | F54: =_xlfn.REGEXREPLACE(E54 & " " & D54, "\.", "") -> Jameson Williams | G54: DET | H54: WR | I54: 51.22 | J54: 39 | K54: 60 | L54: =VLOOKUP(G54,byes!$A:$B,2,FALSE) -> 8 | M54: =IF(L54=5,1,0) -> 0 | N54: =IF(L54=6,1,0) -> 0 | O54: =IF(L54=7,1,0) -> 0 | P54: =IF(L54=8,1,0) -> 1 | Q54: =IF(L54=9,1,0) -> 0 | R54: =IF(L54=10,1,0) -> 0 | S54: =IF(L54=11,1,0) -> 0 | T54: =IF(L54=12,1,0) -> 0 | U54: =IF(L54=14,1,0) -> 0 | V54: =IF(H54="QB", 1, 0) -> 0 | W54: =IF(H54="RB",1,0) -> 0 | X54: =IF(H54="WR",1,0) -> 1 | Y54: =IF(H54="TE",1,0) -> 0 | Z54: =IF(OR(H54="RB",H54="WR",H54="TE"),1,0) -> 1 | AA54: 1 | AB54: =VLOOKUP(F54,[1]pff_ppr_projections!$B:$D,3,FALSE) -> 215.1 | AC54: =VLOOKUP(F54,[2]numberFire_ppr_projections!$A:$B,2,FALSE) -> 188.6 | AD54: =VLOOKUP(F54,[3]rotoballer_ppr_projections!$B:$G,6,FALSE) -> 203 | AE54: =VLOOKUP(F54,[4]ppr!$B:$E,4,FALSE) -> 245.54675 | AF54: =VLOOKUP(F54,[4]half_ppr!$B:$E,4,FALSE) -> 209.389 | AG54: =VLOOKUP(F54,[4]std!$B:$E,4,FALSE) -> 173.23125 | AH54: =IFERROR(VLOOKUP(F54,[5]actual_week11_ppr_stats!$A:$B,2,FALSE),0) -> 118.2
A55: 54 | B55: 18773 | C55: Hubbard, Chuba | D55: {=_xlfn.TEXTSPLIT(C55, ", ")} -> Hubbard | E55: Chuba | F55: =_xlfn.REGEXREPLACE(E55 & " " & D55, "\.", "") -> Chuba Hubbard | G55: CAR | H55: RB | I55: 53.79 | J55: 33 | K55: 71 | L55: =VLOOKUP(G55,byes!$A:$B,2,FALSE) -> 14 | M55: =IF(L55=5,1,0) -> 0 | N55: =IF(L55=6,1,0) -> 0 | O55: =IF(L55=7,1,0) -> 0 | P55: =IF(L55=8,1,0) -> 0 | Q55: =IF(L55=9,1,0) -> 0 | R55: =IF(L55=10,1,0) -> 0 | S55: =IF(L55=11,1,0) -> 0 | T55: =IF(L55=12,1,0) -> 0 | U55: =IF(L55=14,1,0) -> 1 | V55: =IF(H55="QB", 1, 0) -> 0 | W55: =IF(H55="RB",1,0) -> 1 | X55: =IF(H55="WR",1,0) -> 0 | Y55: =IF(H55="TE",1,0) -> 0 | Z55: =IF(OR(H55="RB",H55="WR",H55="TE"),1,0) -> 1 | AA55: 1 | AB55: =VLOOKUP(F55,[1]pff_ppr_projections!$B:$D,3,FALSE) -> 216.7 | AC55: =VLOOKUP(F55,[2]numberFire_ppr_projections!$A:$B,2,FALSE) -> 165.6 | AD55: =VLOOKUP(F55,[3]rotoballer_ppr_projections!$B:$G,6,FALSE) -> 219 | AE55: =VLOOKUP(F55,[4]ppr!$B:$E,4,FALSE) -> 231.57684 | AF55: =VLOOKUP(F55,[4]half_ppr!$B:$E,4,FALSE) -> 210.92517 | AG55: =VLOOKUP(F55,[4]std!$B:$E,4,FALSE) -> 190.2735 | AH55: =IFERROR(VLOOKUP(F55,[5]actual_week11_ppr_stats!$A:$B,2,FALSE),0) -> 81
A56: 55 | B56: 22063 | C56: Egbuka, Emeka | D56: {=_xlfn.TEXTSPLIT(C56, ", ")} -> Egbuka | E56: Emeka | F56: =_xlfn.REGEXREPLACE(E56 & " " & D56, "\.", "") -> Emeka Egbuka | G56: TB | H56: WR | I56: 54.45 | J56: 39 | K56: 66 | L56: =VLOOKUP(G56,byes!$A:$B,2,FALSE) -> 9 | M56: =IF(L56=5,1,0) -> 0 | N56: =IF(L56=6,1,0) -> 0 | O56: =IF(L56=7,1,0) -> 0 | P56: =IF(L56=8,1,0) -> 0 | Q56: =IF(L56=9,1,0) -> 1 | R56: =IF(L56=10,1,0) -> 0 | S56: =IF(L56=11,1,0) -> 0 | T56: =IF(L56=12,1,0) -> 0 | U56: =IF(L56=14,1,0) -> 0 | V56: =IF(H56="QB", 1, 0) -> 0 | W56: =IF(H56="RB",1,0) -> 0 | X56: =IF(H56="WR",1,0) -> 1 | Y56: =IF(H56="TE",1,0) -> 0 | Z56: =IF(OR(H56="RB",H56="WR",H56="TE"),1,0) -> 1 | AA56: 1 | AB56: =VLOOKUP(F56,[1]pff_ppr_projections!$B:$D,3,FALSE) -> 128.9 | AC56: =AVERAGE(AB56,AD56,AE56) -> 176.1055 | AD56: =VLOOKUP(F56,[3]rotoballer_ppr_projections!$B:$G,6,FALSE) -> 171 | AE56: =VLOOKUP(F56,[4]ppr!$B:$E,4,FALSE) -> 228.41651 | AF56: =VLOOKUP(F56,[4]half_ppr!$B:$E,4,FALSE) -> 189.33158 | AG56: =VLOOKUP(F56,[4]std!$B:$E,4,FALSE) -> 150.24666 | AH56: =IFERROR(VLOOKUP(F56,[5]actual_week11_ppr_stats!$A:$B,2,FALSE),0) -> 153.6
A57: 56 | B57: 18778 | C57: Smith, DeVonta | D57: {=_xlfn.TEXTSPLIT(C57, ", ")} -> Smith | E57: DeVonta | F57: =_xlfn.REGEXREPLACE(E57 & " " & D57, "\.", "") -> DeVonta Smith | G57: PHI | H57: WR | I57: 57.56 | J57: 46 | K57: 70 | L57: =VLOOKUP(G57,byes!$A:$B,2,FALSE) -> 9 | M57: =IF(L57=5,1,0) -> 0 | N57: =IF(L57=6,1,0) -> 0 | O57: =IF(L57=7,1,0) -> 0 | P57: =IF(L57=8,1,0) -> 0 | Q57: =IF(L57=9,1,0) -> 1 | R57: =IF(L57=10,1,0) -> 0 | S57: =IF(L57=11,1,0) -> 0 | T57: =IF(L57=12,1,0) -> 0 | U57: =IF(L57=14,1,0) -> 0 | V57: =IF(H57="QB", 1, 0) -> 0 | W57: =IF(H57="RB",1,0) -> 0 | X57: =IF(H57="WR",1,0) -> 1 | Y57: =IF(H57="TE",1,0) -> 0 | Z57: =IF(OR(H57="RB",H57="WR",H57="TE"),1,0) -> 1 | AA57: =IF(OR(H57="RB",H57="WR",H57="TE", H57="QB"),1,0) -> 1 | AB57: =VLOOKUP(F57,[1]pff_ppr_projections!$B:$D,3,FALSE) -> 214.1 | AC57: =VLOOKUP(F57,[2]numberFire_ppr_projections!$A:$B,2,FALSE) -> 218.9 | AD57: =VLOOKUP(F57,[3]rotoballer_ppr_projections!$B:$G,6,FALSE) -> 223 | AE57: =VLOOKUP(F57,[4]ppr!$B:$E,4,FALSE) -> 215.18249 | AF57: =VLOOKUP(F57,[4]half_ppr!$B:$E,4,FALSE) -> 179.03552 | AG57: =VLOOKUP(F57,[4]std!$B:$E,4,FALSE) -> 142.88856 | AH57: =IFERROR(VLOOKUP(F57,[5]actual_week11_ppr_stats!$A:$B,2,FALSE),0) -> 133.5
A58: 57 | B58: 15306 | C58: Conner, James | D58: {=_xlfn.TEXTSPLIT(C58, ", ")} -> Conner | E58: James | F58: =_xlfn.REGEXREPLACE(E58 & " " & D58, "\.", "") -> James Conner | G58: ARZ | H58: RB | I58: 59.25 | J58: 45 | K58: 72 | L58: =VLOOKUP(G58,byes!$A:$B,2,FALSE) -> 8 | M58: =IF(L58=5,1,0) -> 0 | N58: =IF(L58=6,1,0) -> 0 | O58: =IF(L58=7,1,0) -> 0 | P58: =IF(L58=8,1,0) -> 1 | Q58: =IF(L58=9,1,0) -> 0 | R58: =IF(L58=10,1,0) -> 0 | S58: =IF(L58=11,1,0) -> 0 | T58: =IF(L58=12,1,0) -> 0 | U58: =IF(L58=14,1,0) -> 0 | V58: =IF(H58="QB", 1, 0) -> 0 | W58: =IF(H58="RB",1,0) -> 1 | X58: =IF(H58="WR",1,0) -> 0 | Y58: =IF(H58="TE",1,0) -> 0 | Z58: =IF(OR(H58="RB",H58="WR",H58="TE"),1,0) -> 1 | AA58: 1 | AB58: =VLOOKUP(F58,[1]pff_ppr_projections!$B:$D,3,FALSE) -> 218.8 | AC58: =VLOOKUP(F58,[2]numberFire_ppr_projections!$A:$B,2,FALSE) -> 202.7 | AD58: =AVERAGE(AB58,AC58,AE58) -> 219.26048 | AE58: =VLOOKUP(F58,[4]ppr!$B:$E,4,FALSE) -> 236.28143 | AF58: =VLOOKUP(F58,[4]half_ppr!$B:$E,4,FALSE) -> 216.02587 | AG58: =VLOOKUP(F58,[4]std!$B:$E,4,FALSE) -> 195.7703 | AH58: =IFERROR(VLOOKUP(F58,[5]actual_week11_ppr_stats!$A:$B,2,FALSE),0) -> 33.3
A59: 58 | B59: 20288 | C59: Flowers, Zay | D59: {=_xlfn.TEXTSPLIT(C59, ", ")} -> Flowers | E59: Zay | F59: =_xlfn.REGEXREPLACE(E59 & " " & D59, "\.", "") -> Zay Flowers | G59: BAL | H59: WR | I59: 59.25 | J59: 48 | K59: 72 | L59: =VLOOKUP(G59,byes!$A:$B,2,FALSE) -> 7 | M59: =IF(L59=5,1,0) -> 0 | N59: =IF(L59=6,1,0) -> 0 | O59: =IF(L59=7,1,0) -> 1 | P59: =IF(L59=8,1,0) -> 0 | Q59: =IF(L59=9,1,0) -> 0 | R59: =IF(L59=10,1,0) -> 0 | S59: =IF(L59=11,1,0) -> 0 | T59: =IF(L59=12,1,0) -> 0 | U59: =IF(L59=14,1,0) -> 0 | V59: =IF(H59="QB", 1, 0) -> 0 | W59: =IF(H59="RB",1,0) -> 0 | X59: =IF(H59="WR",1,0) -> 1 | Y59: =IF(H59="TE",1,0) -> 0 | Z59: =IF(OR(H59="RB",H59="WR",H59="TE"),1,0) -> 1 | AA59: 1 | AB59: =VLOOKUP(F59,[1]pff_ppr_projections!$B:$D,3,FALSE) -> 212.7 | AC59: =VLOOKUP(F59,[2]numberFire_ppr_projections!$A:$B,2,FALSE) -> 228.3 | AD59: =VLOOKUP(F59,[3]rotoballer_ppr_projections!$B:$G,6,FALSE) -> 221 | AE59: =VLOOKUP(F59,[4]ppr!$B:$E,4,FALSE) -> 204.81428 | AF59: =VLOOKUP(F59,[4]half_ppr!$B:$E,4,FALSE) -> 168.75591 | AG59: =VLOOKUP(F59,[4]std!$B:$E,4,FALSE) -> 132.69754 | AH59: =IFERROR(VLOOKUP(F59,[5]actual_week11_ppr_stats!$A:$B,2,FALSE),0) -> 132.4
A60: 59 | B60: 22111 | C60: Harvey, RJ | D60: {=_xlfn.TEXTSPLIT(C60, ", ")} -> Harvey | E60: RJ | F60: =_xlfn.REGEXREPLACE(E60 & " " & D60, "\.", "") -> RJ Harvey | G60: DEN | H60: RB | I60: 59.48 | J60: 17 | K60: 72 | L60: =VLOOKUP(G60,byes!$A:$B,2,FALSE) -> 12 | M60: =IF(L60=5,1,0) -> 0 | N60: =IF(L60=6,1,0) -> 0 | O60: =IF(L60=7,1,0) -> 0 | P60: =IF(L60=8,1,0) -> 0 | Q60: =IF(L60=9,1,0) -> 0 | R60: =IF(L60=10,1,0) -> 0 | S60: =IF(L60=11,1,0) -> 0 | T60: =IF(L60=12,1,0) -> 1 | U60: =IF(L60=14,1,0) -> 0 | V60: =IF(H60="QB", 1, 0) -> 0 | W60: =IF(H60="RB",1,0) -> 1 | X60: =IF(H60="WR",1,0) -> 0 | Y60: =IF(H60="TE",1,0) -> 0 | Z60: =IF(OR(H60="RB",H60="WR",H60="TE"),1,0) -> 1 | AA60: 1 | AB60: =VLOOKUP(F60,[1]pff_ppr_projections!$B:$D,3,FALSE) -> 220 | AC60: =VLOOKUP(F60,[2]numberFire_ppr_projections!$A:$B,2,FALSE) -> 134.4 | AD60: =VLOOKUP(F60,[3]rotoballer_ppr_projections!$B:$G,6,FALSE) -> 177 | AE60: =VLOOKUP(F60,[4]ppr!$B:$E,4,FALSE) -> 193.59502 | AF60: =VLOOKUP(F60,[4]half_ppr!$B:$E,4,FALSE) -> 176.16313 | AG60: =VLOOKUP(F60,[4]std!$B:$E,4,FALSE) -> 158.73123 | AH60: =IFERROR(VLOOKUP(F60,[5]actual_week11_ppr_stats!$A:$B,2,FALSE),0) -> 107.9
A61: 60 | B61: 21146 | C61: Pearsall, Ricky | D61: {=_xlfn.TEXTSPLIT(C61, ", ")} -> Pearsall | E61: Ricky | F61: =_xlfn.REGEXREPLACE(E61 & " " & D61, "\.", "") -> Ricky Pearsall | G61: SF | H61: WR | I61: 59.5 | J61: 43 | K61: 72 | L61: =VLOOKUP(G61,byes!$A:$B,2,FALSE) -> 14 | M61: =IF(L61=5,1,0) -> 0 | N61: =IF(L61=6,1,0) -> 0 | O61: =IF(L61=7,1,0) -> 0 | P61: =IF(L61=8,1,0) -> 0 | Q61: =IF(L61=9,1,0) -> 0 | R61: =IF(L61=10,1,0) -> 0 | S61: =IF(L61=11,1,0) -> 0 | T61: =IF(L61=12,1,0) -> 0 | U61: =IF(L61=14,1,0) -> 1 | V61: =IF(H61="QB", 1, 0) -> 0 | W61: =IF(H61="RB",1,0) -> 0 | X61: =IF(H61="WR",1,0) -> 1 | Y61: =IF(H61="TE",1,0) -> 0 | Z61: =IF(OR(H61="RB",H61="WR",H61="TE"),1,0) -> 1 | AA61: =IF(OR(H61="RB",H61="WR",H61="TE", H61="QB"),1,0) -> 1 | AB61: =VLOOKUP(F61,[1]pff_ppr_projections!$B:$D,3,FALSE) -> 136.4 | AC61: =VLOOKUP(F61,[2]numberFire_ppr_projections!$A:$B,2,FALSE) -> 177.4 | AD61: =VLOOKUP(F61,[3]rotoballer_ppr_projections!$B:$G,6,FALSE) -> 192 | AE61: =VLOOKUP(F61,[4]ppr!$B:$E,4,FALSE) -> 231.98824 | AF61: =VLOOKUP(F61,[4]half_ppr!$B:$E,4,FALSE) -> 192.12217 | AG61: =VLOOKUP(F61,[4]std!$B:$E,4,FALSE) -> 152.2561 | AH61: =IFERROR(VLOOKUP(F61,[5]actual_week11_ppr_stats!$A:$B,2,FALSE),0) -> 53.3
A62: 61 | B62: 18781 | C62: Waddle, Jaylen | D62: {=_xlfn.TEXTSPLIT(C62, ", ")} -> Waddle | E62: Jaylen | F62: =_xlfn.REGEXREPLACE(E62 & " " & D62, "\.", "") -> Jaylen Waddle | G62: MIA | H62: WR | I62: 60.46 | J62: 49 | K62: 80 | L62: =VLOOKUP(G62,byes!$A:$B,2,FALSE) -> 12 | M62: =IF(L62=5,1,0) -> 0 | N62: =IF(L62=6,1,0) -> 0 | O62: =IF(L62=7,1,0) -> 0 | P62: =IF(L62=8,1,0) -> 0 | Q62: =IF(L62=9,1,0) -> 0 | R62: =IF(L62=10,1,0) -> 0 | S62: =IF(L62=11,1,0) -> 0 | T62: =IF(L62=12,1,0) -> 1 | U62: =IF(L62=14,1,0) -> 0 | V62: =IF(H62="QB", 1, 0) -> 0 | W62: =IF(H62="RB",1,0) -> 0 | X62: =IF(H62="WR",1,0) -> 1 | Y62: =IF(H62="TE",1,0) -> 0 | Z62: =IF(OR(H62="RB",H62="WR",H62="TE"),1,0) -> 1 | AA62: 1 | AB62: =VLOOKUP(F62,[1]pff_ppr_projections!$B:$D,3,FALSE) -> 210 | AC62: =VLOOKUP(F62,[2]numberFire_ppr_projections!$A:$B,2,FALSE) -> 190.4 | AD62: =VLOOKUP(F62,[3]rotoballer_ppr_projections!$B:$G,6,FALSE) -> 210 | AE62: =VLOOKUP(F62,[4]ppr!$B:$E,4,FALSE) -> 225.51654 | AF62: =VLOOKUP(F62,[4]half_ppr!$B:$E,4,FALSE) -> 185.51722 | AG62: =VLOOKUP(F62,[4]std!$B:$E,4,FALSE) -> 145.5179 | AH62: =IFERROR(VLOOKUP(F62,[5]actual_week11_ppr_stats!$A:$B,2,FALSE),0) -> 151.2
A63: 62 | B63: 17961 | C63: Swift, D'Andre | D63: {=_xlfn.TEXTSPLIT(C63, ", ")} -> Swift | E63: D'Andre | F63: =_xlfn.REGEXREPLACE(E63 & " " & D63, "\.", "") -> D'Andre Swift | G63: CHI | H63: RB | I63: 62.41 | J63: 39 | K63: 78 | L63: =VLOOKUP(G63,byes!$A:$B,2,FALSE) -> 5 | M63: =IF(L63=5,1,0) -> 1 | N63: =IF(L63=6,1,0) -> 0 | O63: =IF(L63=7,1,0) -> 0 | P63: =IF(L63=8,1,0) -> 0 | Q63: =IF(L63=9,1,0) -> 0 | R63: =IF(L63=10,1,0) -> 0 | S63: =IF(L63=11,1,0) -> 0 | T63: =IF(L63=12,1,0) -> 0 | U63: =IF(L63=14,1,0) -> 0 | V63: =IF(H63="QB", 1, 0) -> 0 | W63: =IF(H63="RB",1,0) -> 1 | X63: =IF(H63="WR",1,0) -> 0 | Y63: =IF(H63="TE",1,0) -> 0 | Z63: =IF(OR(H63="RB",H63="WR",H63="TE"),1,0) -> 1 | AA63: 1 | AB63: =VLOOKUP(F63,[1]pff_ppr_projections!$B:$D,3,FALSE) -> 209 | AC63: =VLOOKUP(F63,[2]numberFire_ppr_projections!$A:$B,2,FALSE) -> 180 | AD63: =VLOOKUP(F63,[3]rotoballer_ppr_projections!$B:$G,6,FALSE) -> 199 | AE63: =VLOOKUP(F63,[4]ppr!$B:$E,4,FALSE) -> 212.77237 | AF63: =VLOOKUP(F63,[4]half_ppr!$B:$E,4,FALSE) -> 191.76229 | AG63: =VLOOKUP(F63,[4]std!$B:$E,4,FALSE) -> 170.75221 | AH63: =IFERROR(VLOOKUP(F63,[5]actual_week11_ppr_stats!$A:$B,2,FALSE),0) -> 137.4
A64: 63 | B64: 17067 | C64: Pollard, Tony | D64: {=_xlfn.TEXTSPLIT(C64, ", ")} -> Pollard | E64: Tony | F64: =_xlfn.REGEXREPLACE(E64 & " " & D64, "\.", "") -> Tony Pollard | G64: TEN | H64: RB | I64: 62.69 | J64: 42 | K64: 75 | L64: =VLOOKUP(G64,byes!$A:$B,2,FALSE) -> 10 | M64: =IF(L64=5,1,0) -> 0 | N64: =IF(L64=6,1,0) -> 0 | O64: =IF(L64=7,1,0) -> 0 | P64: =IF(L64=8,1,0) -> 0 | Q64: =IF(L64=9,1,0) -> 0 | R64: =IF(L64=10,1,0) -> 1 | S64: =IF(L64=11,1,0) -> 0 | T64: =IF(L64=12,1,0) -> 0 | U64: =IF(L64=14,1,0) -> 0 | V64: =IF(H64="QB", 1, 0) -> 0 | W64: =IF(H64="RB",1,0) -> 1 | X64: =IF(H64="WR",1,0) -> 0 | Y64: =IF(H64="TE",1,0) -> 0 | Z64: =IF(OR(H64="RB",H64="WR",H64="TE"),1,0) -> 1 | AA64: 1 | AB64: =VLOOKUP(F64,[1]pff_ppr_projections!$B:$D,3,FALSE) -> 205.1 | AC64: =VLOOKUP(F64,[2]numberFire_ppr_projections!$A:$B,2,FALSE) -> 171.9 | AD64: =VLOOKUP(F64,[3]rotoballer_ppr_projections!$B:$G,6,FALSE) -> 222 | AE64: =VLOOKUP(F64,[4]ppr!$B:$E,4,FALSE) -> 185.02485 | AF64: =VLOOKUP(F64,[4]half_ppr!$B:$E,4,FALSE) -> 172.42501 | AG64: =VLOOKUP(F64,[4]std!$B:$E,4,FALSE) -> 159.82517 | AH64: =IFERROR(VLOOKUP(F64,[5]actual_week11_ppr_stats!$A:$B,2,FALSE),0) -> 98.9
A65: 64 | B65: 17964 | C65: Jeudy, Jerry | D65: {=_xlfn.TEXTSPLIT(C65, ", ")} -> Jeudy | E65: Jerry | F65: =_xlfn.REGEXREPLACE(E65 & " " & D65, "\.", "") -> Jerry Jeudy | G65: CLE | H65: WR | I65: 63.83 | J65: 51 | K65: 77 | L65: =VLOOKUP(G65,byes!$A:$B,2,FALSE) -> 9 | M65: =IF(L65=5,1,0) -> 0 | N65: =IF(L65=6,1,0) -> 0 | O65: =IF(L65=7,1,0) -> 0 | P65: =IF(L65=8,1,0) -> 0 | Q65: =IF(L65=9,1,0) -> 1 | R65: =IF(L65=10,1,0) -> 0 | S65: =IF(L65=11,1,0) -> 0 | T65: =IF(L65=12,1,0) -> 0 | U65: =IF(L65=14,1,0) -> 0 | V65: =IF(H65="QB", 1, 0) -> 0 | W65: =IF(H65="RB",1,0) -> 0 | X65: =IF(H65="WR",1,0) -> 1 | Y65: =IF(H65="TE",1,0) -> 0 | Z65: =IF(OR(H65="RB",H65="WR",H65="TE"),1,0) -> 1 | AA65: =IF(OR(H65="RB",H65="WR",H65="TE", H65="QB"),1,0) -> 1 | AB65: =VLOOKUP(F65,[1]pff_ppr_projections!$B:$D,3,FALSE) -> 195.2 | AC65: =VLOOKUP(F65,[2]numberFire_ppr_projections!$A:$B,2,FALSE) -> 210.3 | AD65: =VLOOKUP(F65,[3]rotoballer_ppr_projections!$B:$G,6,FALSE) -> 217 | AE65: =VLOOKUP(F65,[4]ppr!$B:$E,4,FALSE) -> 219.07627 | AF65: =VLOOKUP(F65,[4]half_ppr!$B:$E,4,FALSE) -> 179.04041 | AG65: =VLOOKUP(F65,[4]std!$B:$E,4,FALSE) -> 139.00454 | AH65: =IFERROR(VLOOKUP(F65,[5]actual_week11_ppr_stats!$A:$B,2,FALSE),0) -> 72.6
A66: 65 | B66: 20287 | C66: Rice, Rashee | D66: {=_xlfn.TEXTSPLIT(C66, ", ")} -> Rice | E66: Rashee | F66: =_xlfn.REGEXREPLACE(E66 & " " & D66, "\.", "") -> Rashee Rice | G66: KC | H66: WR | I66: 64.15 | J66: 50 | K66: 84 | L66: =VLOOKUP(G66,byes!$A:$B,2,FALSE) -> 10 | M66: =IF(L66=5,1,0) -> 0 | N66: =IF(L66=6,1,0) -> 0 | O66: =IF(L66=7,1,0) -> 0 | P66: =IF(L66=8,1,0) -> 0 | Q66: =IF(L66=9,1,0) -> 0 | R66: =IF(L66=10,1,0) -> 1 | S66: =IF(L66=11,1,0) -> 0 | T66: =IF(L66=12,1,0) -> 0 | U66: =IF(L66=14,1,0) -> 0 | V66: =IF(H66="QB", 1, 0) -> 0 | W66: =IF(H66="RB",1,0) -> 0 | X66: =IF(H66="WR",1,0) -> 1 | Y66: =IF(H66="TE",1,0) -> 0 | Z66: =IF(OR(H66="RB",H66="WR",H66="TE"),1,0) -> 1 | AA66: 1 | AB66: =VLOOKUP(F66,[1]pff_ppr_projections!$B:$D,3,FALSE) -> 227.5 | AC66: =VLOOKUP(F66,[2]numberFire_ppr_projections!$A:$B,2,FALSE) -> 171.7 | AD66: =VLOOKUP(F66,[3]rotoballer_ppr_projections!$B:$G,6,FALSE) -> 181 | AE66: =VLOOKUP(F66,[4]ppr!$B:$E,4,FALSE) -> 173.57576 | AF66: =VLOOKUP(F66,[4]half_ppr!$B:$E,4,FALSE) -> 142.6958 | AG66: =VLOOKUP(F66,[4]std!$B:$E,4,FALSE) -> 111.81584 | AH66: =IFERROR(VLOOKUP(F66,[5]actual_week11_ppr_stats!$A:$B,2,FALSE),0) -> 77.1
A67: 66 | B67: 22058 | C67: Hunter, Travis | D67: {=_xlfn.TEXTSPLIT(C67, ", ")} -> Hunter | E67: Travis | F67: =_xlfn.REGEXREPLACE(E67 & " " & D67, "\.", "") -> Travis Hunter | G67: JAX | H67: WR | I67: 65.4 | J67: 50 | K67: 83 | L67: =VLOOKUP(G67,byes!$A:$B,2,FALSE) -> 8 | M67: =IF(L67=5,1,0) -> 0 | N67: =IF(L67=6,1,0) -> 0 | O67: =IF(L67=7,1,0) -> 0 | P67: =IF(L67=8,1,0) -> 1 | Q67: =IF(L67=9,1,0) -> 0 | R67: =IF(L67=10,1,0) -> 0 | S67: =IF(L67=11,1,0) -> 0 | T67: =IF(L67=12,1,0) -> 0 | U67: =IF(L67=14,1,0) -> 0 | V67: =IF(H67="QB", 1, 0) -> 0 | W67: =IF(H67="RB",1,0) -> 0 | X67: =IF(H67="WR",1,0) -> 1 | Y67: =IF(H67="TE",1,0) -> 0 | Z67: =IF(OR(H67="RB",H67="WR",H67="TE"),1,0) -> 1 | AA67: 1 | AB67: =VLOOKUP(F67,[1]pff_ppr_projections!$B:$D,3,FALSE) -> 215.5 | AC67: =VLOOKUP(F67,[2]numberFire_ppr_projections!$A:$B,2,FALSE) -> 184.6 | AD67: =AVERAGE(AB67,AC67,AE67) -> 202.7062 | AE67: =VLOOKUP(F67,[4]ppr!$B:$E,4,FALSE) -> 208.01859 | AF67: =VLOOKUP(F67,[4]half_ppr!$B:$E,4,FALSE) -> 170.03127 | AG67: =VLOOKUP(F67,[4]std!$B:$E,4,FALSE) -> 132.04394 | AH67: =IFERROR(VLOOKUP(F67,[5]actual_week11_ppr_stats!$A:$B,2,FALSE),0) -> 63.8
A68: 67 | B68: 20335 | C68: Odunze, Rome | D68: {=_xlfn.TEXTSPLIT(C68, ", ")} -> Odunze | E68: Rome | F68: =_xlfn.REGEXREPLACE(E68 & " " & D68, "\.", "") -> Rome Odunze | G68: CHI | H68: WR | I68: 65.71 | J68: 53 | K68: 81 | L68: =VLOOKUP(G68,byes!$A:$B,2,FALSE) -> 5 | M68: =IF(L68=5,1,0) -> 1 | N68: =IF(L68=6,1,0) -> 0 | O68: =IF(L68=7,1,0) -> 0 | P68: =IF(L68=8,1,0) -> 0 | Q68: =IF(L68=9,1,0) -> 0 | R68: =IF(L68=10,1,0) -> 0 | S68: =IF(L68=11,1,0) -> 0 | T68: =IF(L68=12,1,0) -> 0 | U68: =IF(L68=14,1,0) -> 0 | V68: =IF(H68="QB", 1, 0) -> 0 | W68: =IF(H68="RB",1,0) -> 0 | X68: =IF(H68="WR",1,0) -> 1 | Y68: =IF(H68="TE",1,0) -> 0 | Z68: =IF(OR(H68="RB",H68="WR",H68="TE"),1,0) -> 1 | AA68: 1 | AB68: =VLOOKUP(F68,[1]pff_ppr_projections!$B:$D,3,FALSE) -> 188.8 | AC68: =VLOOKUP(F68,[2]numberFire_ppr_projections!$A:$B,2,FALSE) -> 170.1 | AD68: =VLOOKUP(F68,[3]rotoballer_ppr_projections!$B:$G,6,FALSE) -> 195 | AE68: =VLOOKUP(F68,[4]ppr!$B:$E,4,FALSE) -> 222.62876 | AF68: =VLOOKUP(F68,[4]half_ppr!$B:$E,4,FALSE) -> 182.75971 | AG68: =VLOOKUP(F68,[4]std!$B:$E,4,FALSE) -> 142.89067 | AH68: =IFERROR(VLOOKUP(F68,[5]actual_week11_ppr_stats!$A:$B,2,FALSE),0) -> 135
A69: 68 | B69: 19486 | C69: Pacheco, Isiah | D69: {=_xlfn.TEXTSPLIT(C69, ", ")} -> Pacheco | E69: Isiah | F69: =_xlfn.REGEXREPLACE(E69 & " " & D69, "\.", "") -> Isiah Pacheco | G69: KC | H69: RB | I69: 67.11 | J69: 50 | K69: 81 | L69: =VLOOKUP(G69,byes!$A:$B,2,FALSE) -> 10 | M69: =IF(L69=5,1,0) -> 0 | N69: =IF(L69=6,1,0) -> 0 | O69: =IF(L69=7,1,0) -> 0 | P69: =IF(L69=8,1,0) -> 0 | Q69: =IF(L69=9,1,0) -> 0 | R69: =IF(L69=10,1,0) -> 1 | S69: =IF(L69=11,1,0) -> 0 | T69: =IF(L69=12,1,0) -> 0 | U69: =IF(L69=14,1,0) -> 0 | V69: =IF(H69="QB", 1, 0) -> 0 | W69: =IF(H69="RB",1,0) -> 1 | X69: =IF(H69="WR",1,0) -> 0 | Y69: =IF(H69="TE",1,0) -> 0 | Z69: =IF(OR(H69="RB",H69="WR",H69="TE"),1,0) -> 1 | AA69: =IF(OR(H69="RB",H69="WR",H69="TE", H69="QB"),1,0) -> 1 | AB69: =VLOOKUP(F69,[1]pff_ppr_projections!$B:$D,3,FALSE) -> 188.2 | AC69: =VLOOKUP(F69,[2]numberFire_ppr_projections!$A:$B,2,FALSE) -> 198.2 | AD69: =VLOOKUP(F69,[3]rotoballer_ppr_projections!$B:$G,6,FALSE) -> 185 | AE69: =VLOOKUP(F69,[4]ppr!$B:$E,4,FALSE) -> 202.78342 | AF69: =VLOOKUP(F69,[4]half_ppr!$B:$E,4,FALSE) -> 193.76158 | AG69: =VLOOKUP(F69,[4]std!$B:$E,4,FALSE) -> 184.73974 | AH69: =IFERROR(VLOOKUP(F69,[5]actual_week11_ppr_stats!$A:$B,2,FALSE),0) -> 60.2
A70: 69 | B70: 22085 | C70: Golden, Matthew | D70: {=_xlfn.TEXTSPLIT(C70, ", ")} -> Golden | E70: Matthew | F70: =_xlfn.REGEXREPLACE(E70 & " " & D70, "\.", "") -> Matthew Golden | G70: GB | H70: WR | I70: 70.62 | J70: 51 | K70: 84 | L70: =VLOOKUP(G70,byes!$A:$B,2,FALSE) -> 5 | M70: =IF(L70=5,1,0) -> 1 | N70: =IF(L70=6,1,0) -> 0 | O70: =IF(L70=7,1,0) -> 0 | P70: =IF(L70=8,1,0) -> 0 | Q70: =IF(L70=9,1,0) -> 0 | R70: =IF(L70=10,1,0) -> 0 | S70: =IF(L70=11,1,0) -> 0 | T70: =IF(L70=12,1,0) -> 0 | U70: =IF(L70=14,1,0) -> 0 | V70: =IF(H70="QB", 1, 0) -> 0 | W70: =IF(H70="RB",1,0) -> 0 | X70: =IF(H70="WR",1,0) -> 1 | Y70: =IF(H70="TE",1,0) -> 0 | Z70: =IF(OR(H70="RB",H70="WR",H70="TE"),1,0) -> 1 | AA70: 1 | AB70: =VLOOKUP(F70,[1]pff_ppr_projections!$B:$D,3,FALSE) -> 180.2 | AC70: =VLOOKUP(F70,[2]numberFire_ppr_projections!$A:$B,2,FALSE) -> 184.1 | AD70: =VLOOKUP(F70,[3]rotoballer_ppr_projections!$B:$G,6,FALSE) -> 192 | AE70: =VLOOKUP(F70,[4]ppr!$B:$E,4,FALSE) -> 205.047 | AF70: =VLOOKUP(F70,[4]half_ppr!$B:$E,4,FALSE) -> 171.40968 | AG70: =VLOOKUP(F70,[4]std!$B:$E,4,FALSE) -> 137.77237 | AH70: =IFERROR(VLOOKUP(F70,[5]actual_week11_ppr_stats!$A:$B,2,FALSE),0) -> 57.1
A71: 70 | B71: 19432 | C71: Olave, Chris | D71: {=_xlfn.TEXTSPLIT(C71, ", ")} -> Olave | E71: Chris | F71: =_xlfn.REGEXREPLACE(E71 & " " & D71, "\.", "") -> Chris Olave | G71: NO | H71: WR | I71: 70.96 | J71: 57 | K71: 85 | L71: =VLOOKUP(G71,byes!$A:$B,2,FALSE) -> 11 | M71: =IF(L71=5,1,0) -> 0 | N71: =IF(L71=6,1,0) -> 0 | O71: =IF(L71=7,1,0) -> 0 | P71: =IF(L71=8,1,0) -> 0 | Q71: =IF(L71=9,1,0) -> 0 | R71: =IF(L71=10,1,0) -> 0 | S71: =IF(L71=11,1,0) -> 1 | T71: =IF(L71=12,1,0) -> 0 | U71: =IF(L71=14,1,0) -> 0 | V71: =IF(H71="QB", 1, 0) -> 0 | W71: =IF(H71="RB",1,0) -> 0 | X71: =IF(H71="WR",1,0) -> 1 | Y71: =IF(H71="TE",1,0) -> 0 | Z71: =IF(OR(H71="RB",H71="WR",H71="TE"),1,0) -> 1 | AA71: 1 | AB71: =VLOOKUP(F71,[1]pff_ppr_projections!$B:$D,3,FALSE) -> 195.8 | AC71: =VLOOKUP(F71,[2]numberFire_ppr_projections!$A:$B,2,FALSE) -> 203.7 | AD71: =VLOOKUP(F71,[3]rotoballer_ppr_projections!$B:$G,6,FALSE) -> 201 | AE71: =VLOOKUP(F71,[4]ppr!$B:$E,4,FALSE) -> 204.47797 | AF71: =VLOOKUP(F71,[4]half_ppr!$B:$E,4,FALSE) -> 165.01869 | AG71: =VLOOKUP(F71,[4]std!$B:$E,4,FALSE) -> 125.55942 | AH71: =IFERROR(VLOOKUP(F71,[5]actual_week11_ppr_stats!$A:$B,2,FALSE),0) -> 150.1
A72: 71 | B72: 17016 | C72: Montgomery, David | D72: {=_xlfn.TEXTSPLIT(C72, ", ")} -> Montgomery | E72: David | F72: =_xlfn.REGEXREPLACE(E72 & " " & D72, "\.", "") -> David Montgomery | G72: DET | H72: RB | I72: 73.25 | J72: 51 | K72: 85 | L72: =VLOOKUP(G72,byes!$A:$B,2,FALSE) -> 8 | M72: =IF(L72=5,1,0) -> 0 | N72: =IF(L72=6,1,0) -> 0 | O72: =IF(L72=7,1,0) -> 0 | P72: =IF(L72=8,1,0) -> 1 | Q72: =IF(L72=9,1,0) -> 0 | R72: =IF(L72=10,1,0) -> 0 | S72: =IF(L72=11,1,0) -> 0 | T72: =IF(L72=12,1,0) -> 0 | U72: =IF(L72=14,1,0) -> 0 | V72: =IF(H72="QB", 1, 0) -> 0 | W72: =IF(H72="RB",1,0) -> 1 | X72: =IF(H72="WR",1,0) -> 0 | Y72: =IF(H72="TE",1,0) -> 0 | Z72: =IF(OR(H72="RB",H72="WR",H72="TE"),1,0) -> 1 | AA72: 1 | AB72: =VLOOKUP(F72,[1]pff_ppr_projections!$B:$D,3,FALSE) -> 187.1 | AC72: =VLOOKUP(F72,[2]numberFire_ppr_projections!$A:$B,2,FALSE) -> 175.3 | AD72: =VLOOKUP(F72,[3]rotoballer_ppr_projections!$B:$G,6,FALSE) -> 209 | AE72: =VLOOKUP(F72,[4]ppr!$B:$E,4,FALSE) -> 171.7961 | AF72: =VLOOKUP(F72,[4]half_ppr!$B:$E,4,FALSE) -> 164.54306 | AG72: =VLOOKUP(F72,[4]std!$B:$E,4,FALSE) -> 157.29002 | AH72: =IFERROR(VLOOKUP(F72,[5]actual_week11_ppr_stats!$A:$B,2,FALSE),0) -> 105.9
A73: 72 | B73: 15234 | C73: Mahomes, Patrick | D73: {=_xlfn.TEXTSPLIT(C73, ", ")} -> Mahomes | E73: Patrick | F73: =_xlfn.REGEXREPLACE(E73 & " " & D73, "\.", "") -> Patrick Mahomes | G73: KC | H73: QB | I73: 74.4 | J73: 41 | K73: 108 | L73: =VLOOKUP(G73,byes!$A:$B,2,FALSE) -> 10 | M73: =IF(L73=5,1,0) -> 0 | N73: =IF(L73=6,1,0) -> 0 | O73: =IF(L73=7,1,0) -> 0 | P73: =IF(L73=8,1,0) -> 0 | Q73: =IF(L73=9,1,0) -> 0 | R73: =IF(L73=10,1,0) -> 1 | S73: =IF(L73=11,1,0) -> 0 | T73: =IF(L73=12,1,0) -> 0 | U73: =IF(L73=14,1,0) -> 0 | V73: =IF(H73="QB", 1, 0) -> 1 | W73: =IF(H73="RB",1,0) -> 0 | X73: =IF(H73="WR",1,0) -> 0 | Y73: =IF(H73="TE",1,0) -> 0 | Z73: =IF(OR(H73="RB",H73="WR",H73="TE"),1,0) -> 0 | AA73: =IF(OR(H73="RB",H73="WR",H73="TE", H73="QB"),1,0) -> 1 | AB73: =VLOOKUP(F73,[1]pff_ppr_projections!$B:$D,3,FALSE) -> 306.9 | AC73: =VLOOKUP(F73,[2]numberFire_ppr_projections!$A:$B,2,FALSE) -> 336.1 | AD73: =VLOOKUP(F73,[3]rotoballer_ppr_projections!$B:$G,6,FALSE) -> 317 | AE73: =VLOOKUP(F73,[4]ppr!$B:$E,4,FALSE) -> 322.17404 | AF73: =VLOOKUP(F73,[4]half_ppr!$B:$E,4,FALSE) -> 322.17404 | AG73: =VLOOKUP(F73,[4]std!$B:$E,4,FALSE) -> 322.17404 | AH73: =IFERROR(VLOOKUP(F73,[5]actual_week11_ppr_stats!$A:$B,2,FALSE),0) -> 223.8
A74: 73 | B74: 20339 | C74: LaPorta, Sam | D74: {=_xlfn.TEXTSPLIT(C74, ", ")} -> LaPorta | E74: Sam | F74: =_xlfn.REGEXREPLACE(E74 & " " & D74, "\.", "") -> Sam LaPorta | G74: DET | H74: TE | I74: 74.75 | J74: 55 | K74: 93 | L74: =VLOOKUP(G74,byes!$A:$B,2,FALSE) -> 8 | M74: =IF(L74=5,1,0) -> 0 | N74: =IF(L74=6,1,0) -> 0 | O74: =IF(L74=7,1,0) -> 0 | P74: =IF(L74=8,1,0) -> 1 | Q74: =IF(L74=9,1,0) -> 0 | R74: =IF(L74=10,1,0) -> 0 | S74: =IF(L74=11,1,0) -> 0 | T74: =IF(L74=12,1,0) -> 0 | U74: =IF(L74=14,1,0) -> 0 | V74: =IF(H74="QB", 1, 0) -> 0 | W74: =IF(H74="RB",1,0) -> 0 | X74: =IF(H74="WR",1,0) -> 0 | Y74: =IF(H74="TE",1,0) -> 1 | Z74: =IF(OR(H74="RB",H74="WR",H74="TE"),1,0) -> 1 | AA74: 1 | AB74: =VLOOKUP(F74,[1]pff_ppr_projections!$B:$D,3,FALSE) -> 182.5 | AC74: =VLOOKUP(F74,[2]numberFire_ppr_projections!$A:$B,2,FALSE) -> 174.1 | AD74: =VLOOKUP(F74,[3]rotoballer_ppr_projections!$B:$G,6,FALSE) -> 181 | AE74: =VLOOKUP(F74,[4]ppr!$B:$E,4,FALSE) -> 178.73859 | AF74: =VLOOKUP(F74,[4]half_ppr!$B:$E,4,FALSE) -> 144.71884 | AG74: =VLOOKUP(F74,[4]std!$B:$E,4,FALSE) -> 110.69908 | AH74: =IFERROR(VLOOKUP(F74,[5]actual_week11_ppr_stats!$A:$B,2,FALSE),0) -> 106.9
A75: 74 | B75: 13671 | C75: Diggs, Stefon | D75: {=_xlfn.TEXTSPLIT(C75, ", ")} -> Diggs | E75: Stefon | F75: =_xlfn.REGEXREPLACE(E75 & " " & D75, "\.", "") -> Stefon Diggs | G75: NE | H75: WR | I75: 75.03 | J75: 48 | K75: 91 | L75: =VLOOKUP(G75,byes!$A:$B,2,FALSE) -> 14 | M75: =IF(L75=5,1,0) -> 0 | N75: =IF(L75=6,1,0) -> 0 | O75: =IF(L75=7,1,0) -> 0 | P75: =IF(L75=8,1,0) -> 0 | Q75: =IF(L75=9,1,0) -> 0 | R75: =IF(L75=10,1,0) -> 0 | S75: =IF(L75=11,1,0) -> 0 | T75: =IF(L75=12,1,0) -> 0 | U75: =IF(L75=14,1,0) -> 1 | V75: =IF(H75="QB", 1, 0) -> 0 | W75: =IF(H75="RB",1,0) -> 0 | X75: =IF(H75="WR",1,0) -> 1 | Y75: =IF(H75="TE",1,0) -> 0 | Z75: =IF(OR(H75="RB",H75="WR",H75="TE"),1,0) -> 1 | AA75: 1 | AB75: =VLOOKUP(F75,[1]pff_ppr_projections!$B:$D,3,FALSE) -> 173.6 | AC75: =VLOOKUP(F75,[2]numberFire_ppr_projections!$A:$B,2,FALSE) -> 207.4 | AD75: =VLOOKUP(F75,[3]rotoballer_ppr_projections!$B:$G,6,FALSE) -> 199 | AE75: =VLOOKUP(F75,[4]ppr!$B:$E,4,FALSE) -> 166.7343 | AF75: =VLOOKUP(F75,[4]half_ppr!$B:$E,4,FALSE) -> 134.86612 | AG75: =VLOOKUP(F75,[4]std!$B:$E,4,FALSE) -> 102.99795 | AH75: =IFERROR(VLOOKUP(F75,[5]actual_week11_ppr_stats!$A:$B,2,FALSE),0) -> 142.9
A76: 75 | B76: 17019 | C76: Samuel, Deebo | D76: {=_xlfn.TEXTSPLIT(C76, ", ")} -> Samuel | E76: Deebo | F76: =_xlfn.REGEXREPLACE(E76 & " " & D76, "\.", "") -> Deebo Samuel | G76: WAS | H76: WR | I76: 75.28 | J76: 59 | K76: 99 | L76: =VLOOKUP(G76,byes!$A:$B,2,FALSE) -> 12 | M76: =IF(L76=5,1,0) -> 0 | N76: =IF(L76=6,1,0) -> 0 | O76: =IF(L76=7,1,0) -> 0 | P76: =IF(L76=8,1,0) -> 0 | Q76: =IF(L76=9,1,0) -> 0 | R76: =IF(L76=10,1,0) -> 0 | S76: =IF(L76=11,1,0) -> 0 | T76: =IF(L76=12,1,0) -> 1 | U76: =IF(L76=14,1,0) -> 0 | V76: =IF(H76="QB", 1, 0) -> 0 | W76: =IF(H76="RB",1,0) -> 0 | X76: =IF(H76="WR",1,0) -> 1 | Y76: =IF(H76="TE",1,0) -> 0 | Z76: =IF(OR(H76="RB",H76="WR",H76="TE"),1,0) -> 1 | AA76: 1 | AB76: =VLOOKUP(F76,[1]pff_ppr_projections!$B:$D,3,FALSE) -> 198.4 | AC76: =VLOOKUP(F76,[2]numberFire_ppr_projections!$A:$B,2,FALSE) -> 209.3 | AD76: =VLOOKUP(F76,[3]rotoballer_ppr_projections!$B:$G,6,FALSE) -> 197 | AE76: =VLOOKUP(F76,[4]ppr!$B:$E,4,FALSE) -> 188.65551 | AF76: =VLOOKUP(F76,[4]half_ppr!$B:$E,4,FALSE) -> 155.95888 | AG76: =VLOOKUP(F76,[4]std!$B:$E,4,FALSE) -> 123.26225 | AH76: =IFERROR(VLOOKUP(F76,[5]actual_week11_ppr_stats!$A:$B,2,FALSE),0) -> 141.2
A77: 76 | B77: 15392 | C77: Jones, Aaron | D77: {=_xlfn.TEXTSPLIT(C77, ", ")} -> Jones | E77: Aaron | F77: =_xlfn.REGEXREPLACE(E77 & " " & D77, "\.", "") -> Aaron Jones | G77: MIN | H77: RB | I77: 76.16 | J77: 59 | K77: 89 | L77: =VLOOKUP(G77,byes!$A:$B,2,FALSE) -> 6 | M77: =IF(L77=5,1,0) -> 0 | N77: =IF(L77=6,1,0) -> 1 | O77: =IF(L77=7,1,0) -> 0 | P77: =IF(L77=8,1,0) -> 0 | Q77: =IF(L77=9,1,0) -> 0 | R77: =IF(L77=10,1,0) -> 0 | S77: =IF(L77=11,1,0) -> 0 | T77: =IF(L77=12,1,0) -> 0 | U77: =IF(L77=14,1,0) -> 0 | V77: =IF(H77="QB", 1, 0) -> 0 | W77: =IF(H77="RB",1,0) -> 1 | X77: =IF(H77="WR",1,0) -> 0 | Y77: =IF(H77="TE",1,0) -> 0 | Z77: =IF(OR(H77="RB",H77="WR",H77="TE"),1,0) -> 1 | AA77: =IF(OR(H77="RB",H77="WR",H77="TE", H77="QB"),1,0) -> 1 | AB77: =VLOOKUP(F77,[1]pff_ppr_projections!$B:$D,3,FALSE) -> 205.8 | AC77: =VLOOKUP(F77,[2]numberFire_ppr_projections!$A:$B,2,FALSE) -> 197.4 | AD77: =VLOOKUP(F77,[3]rotoballer_ppr_projections!$B:$G,6,FALSE) -> 204 | AE77: =VLOOKUP(F77,[4]ppr!$B:$E,4,FALSE) -> 203.59146 | AF77: =VLOOKUP(F77,[4]half_ppr!$B:$E,4,FALSE) -> 183.37113 | AG77: =VLOOKUP(F77,[4]std!$B:$E,4,FALSE) -> 163.1508 | AH77: =IFERROR(VLOOKUP(F77,[5]actual_week11_ppr_stats!$A:$B,2,FALSE),0) -> 61.8
A78: 77 | B78: 17061 | C78: Meyers, Jakobi | D78: {=_xlfn.TEXTSPLIT(C78, ", ")} -> Meyers | E78: Jakobi | F78: =_xlfn.REGEXREPLACE(E78 & " " & D78, "\.", "") -> Jakobi Meyers | G78: JAX | H78: WR | I78: 79 | J78: 57 | K78: 99 | L78: =VLOOKUP(G78,byes!$A:$B,2,FALSE) -> 8 | M78: =IF(L78=5,1,0) -> 0 | N78: =IF(L78=6,1,0) -> 0 | O78: =IF(L78=7,1,0) -> 0 | P78: =IF(L78=8,1,0) -> 1 | Q78: =IF(L78=9,1,0) -> 0 | R78: =IF(L78=10,1,0) -> 0 | S78: =IF(L78=11,1,0) -> 0 | T78: =IF(L78=12,1,0) -> 0 | U78: =IF(L78=14,1,0) -> 0 | V78: =IF(H78="QB", 1, 0) -> 0 | W78: =IF(H78="RB",1,0) -> 0 | X78: =IF(H78="WR",1,0) -> 1 | Y78: =IF(H78="TE",1,0) -> 0 | Z78: =IF(OR(H78="RB",H78="WR",H78="TE"),1,0) -> 1 | AA78: 1 | AB78: =VLOOKUP(F78,[1]pff_ppr_projections!$B:$D,3,FALSE) -> 196.7 | AC78: =VLOOKUP(F78,[2]numberFire_ppr_projections!$A:$B,2,FALSE) -> 207.6 | AD78: =VLOOKUP(F78,[3]rotoballer_ppr_projections!$B:$G,6,FALSE) -> 196 | AE78: =VLOOKUP(F78,[4]ppr!$B:$E,4,FALSE) -> 224.73998 | AF78: =VLOOKUP(F78,[4]half_ppr!$B:$E,4,FALSE) -> 181.16884 | AG78: =VLOOKUP(F78,[4]std!$B:$E,4,FALSE) -> 137.59769 | AH78: =IFERROR(VLOOKUP(F78,[5]actual_week11_ppr_stats!$A:$B,2,FALSE),0) -> 86.7
A79: 78 | B79: 20274 | C79: Addison, Jordan | D79: {=_xlfn.TEXTSPLIT(C79, ", ")} -> Addison | E79: Jordan | F79: =_xlfn.REGEXREPLACE(E79 & " " & D79, "\.", "") -> Jordan Addison | G79: MIN | H79: WR | I79: 80.85 | J79: 62 | K79: 100 | L79: =VLOOKUP(G79,byes!$A:$B,2,FALSE) -> 6 | M79: =IF(L79=5,1,0) -> 0 | N79: =IF(L79=6,1,0) -> 1 | O79: =IF(L79=7,1,0) -> 0 | P79: =IF(L79=8,1,0) -> 0 | Q79: =IF(L79=9,1,0) -> 0 | R79: =IF(L79=10,1,0) -> 0 | S79: =IF(L79=11,1,0) -> 0 | T79: =IF(L79=12,1,0) -> 0 | U79: =IF(L79=14,1,0) -> 0 | V79: =IF(H79="QB", 1, 0) -> 0 | W79: =IF(H79="RB",1,0) -> 0 | X79: =IF(H79="WR",1,0) -> 1 | Y79: =IF(H79="TE",1,0) -> 0 | Z79: =IF(OR(H79="RB",H79="WR",H79="TE"),1,0) -> 1 | AA79: 1 | AB79: =VLOOKUP(F79,[1]pff_ppr_projections!$B:$D,3,FALSE) -> 196.9 | AC79: =VLOOKUP(F79,[2]numberFire_ppr_projections!$A:$B,2,FALSE) -> 142.4 | AD79: =VLOOKUP(F79,[3]rotoballer_ppr_projections!$B:$G,6,FALSE) -> 171 | AE79: =VLOOKUP(F79,[4]ppr!$B:$E,4,FALSE) -> 169.08037 | AF79: =VLOOKUP(F79,[4]half_ppr!$B:$E,4,FALSE) -> 138.60446 | AG79: =VLOOKUP(F79,[4]std!$B:$E,4,FALSE) -> 108.12854 | AH79: =IFERROR(VLOOKUP(F79,[5]actual_week11_ppr_stats!$A:$B,2,FALSE),0) -> 88.8
A80: 79 | B80: 21183 | C80: Tracy, Tyrone | D80: {=_xlfn.TEXTSPLIT(C80, ", ")} -> Tracy | E80: Tyrone | F80: =_xlfn.REGEXREPLACE(E80 & " " & D80, "\.", "") -> Tyrone Tracy | G80: NYG | H80: RB | I80: 81.05 | J80: 62 | K80: 103 | L80: =VLOOKUP(G80,byes!$A:$B,2,FALSE) -> 14 | M80: =IF(L80=5,1,0) -> 0 | N80: =IF(L80=6,1,0) -> 0 | O80: =IF(L80=7,1,0) -> 0 | P80: =IF(L80=8,1,0) -> 0 | Q80: =IF(L80=9,1,0) -> 0 | R80: =IF(L80=10,1,0) -> 0 | S80: =IF(L80=11,1,0) -> 0 | T80: =IF(L80=12,1,0) -> 0 | U80: =IF(L80=14,1,0) -> 1 | V80: =IF(H80="QB", 1, 0) -> 0 | W80: =IF(H80="RB",1,0) -> 1 | X80: =IF(H80="WR",1,0) -> 0 | Y80: =IF(H80="TE",1,0) -> 0 | Z80: =IF(OR(H80="RB",H80="WR",H80="TE"),1,0) -> 1 | AA80: 1 | AB80: =VLOOKUP(F80,[1]pff_ppr_projections!$B:$D,3,FALSE) -> 164 | AC80: =VLOOKUP(F80,[2]numberFire_ppr_projections!$A:$B,2,FALSE) -> 155.4 | AD80: =VLOOKUP(F80,[3]rotoballer_ppr_projections!$B:$G,6,FALSE) -> 186 | AE80: =VLOOKUP(F80,[4]ppr!$B:$E,4,FALSE) -> 185.42796 | AF80: =VLOOKUP(F80,[4]half_ppr!$B:$E,4,FALSE) -> 167.55757 | AG80: =VLOOKUP(F80,[4]std!$B:$E,4,FALSE) -> 149.68717 | AH80: =IFERROR(VLOOKUP(F80,[5]actual_week11_ppr_stats!$A:$B,2,FALSE),0) -> 71.4
A81: 80 | B81: 11842 | C81: Kelce, Travis | D81: {=_xlfn.TEXTSPLIT(C81, ", ")} -> Kelce | E81: Travis | F81: =_xlfn.REGEXREPLACE(E81 & " " & D81, "\.", "") -> Travis Kelce | G81: KC | H81: TE | I81: 82.41 | J81: 50 | K81: 104 | L81: =VLOOKUP(G81,byes!$A:$B,2,FALSE) -> 10 | M81: =IF(L81=5,1,0) -> 0 | N81: =IF(L81=6,1,0) -> 0 | O81: =IF(L81=7,1,0) -> 0 | P81: =IF(L81=8,1,0) -> 0 | Q81: =IF(L81=9,1,0) -> 0 | R81: =IF(L81=10,1,0) -> 1 | S81: =IF(L81=11,1,0) -> 0 | T81: =IF(L81=12,1,0) -> 0 | U81: =IF(L81=14,1,0) -> 0 | V81: =IF(H81="QB", 1, 0) -> 0 | W81: =IF(H81="RB",1,0) -> 0 | X81: =IF(H81="WR",1,0) -> 0 | Y81: =IF(H81="TE",1,0) -> 1 | Z81: =IF(OR(H81="RB",H81="WR",H81="TE"),1,0) -> 1 | AA81: =IF(OR(H81="RB",H81="WR",H81="TE", H81="QB"),1,0) -> 1 | AB81: =VLOOKUP(F81,[1]pff_ppr_projections!$B:$D,3,FALSE) -> 158.9 | AC81: =VLOOKUP(F81,[2]numberFire_ppr_projections!$A:$B,2,FALSE) -> 204.7 | AD81: =VLOOKUP(F81,[3]rotoballer_ppr_projections!$B:$G,6,FALSE) -> 188 | AE81: =VLOOKUP(F81,[4]ppr!$B:$E,4,FALSE) -> 224.64167 | AF81: =VLOOKUP(F81,[4]half_ppr!$B:$E,4,FALSE) -> 180.66327 | AG81: =VLOOKUP(F81,[4]std!$B:$E,4,FALSE) -> 136.68487 | AH81: =IFERROR(VLOOKUP(F81,[5]actual_week11_ppr_stats!$A:$B,2,FALSE),0) -> 137.1
A82: 81 | B82: 19833 | C82: Warren, Jaylen | D82: {=_xlfn.TEXTSPLIT(C82, ", ")} -> Warren | E82: Jaylen | F82: =_xlfn.REGEXREPLACE(E82 & " " & D82, "\.", "") -> Jaylen Warren | G82: PIT | H82: RB | I82: 82.94 | J82: 62 | K82: 102 | L82: =VLOOKUP(G82,byes!$A:$B,2,FALSE) -> 5 | M82: =IF(L82=5,1,0) -> 1 | N82: =IF(L82=6,1,0) -> 0 | O82: =IF(L82=7,1,0) -> 0 | P82: =IF(L82=8,1,0) -> 0 | Q82: =IF(L82=9,1,0) -> 0 | R82: =IF(L82=10,1,0) -> 0 | S82: =IF(L82=11,1,0) -> 0 | T82: =IF(L82=12,1,0) -> 0 | U82: =IF(L82=14,1,0) -> 0 | V82: =IF(H82="QB", 1, 0) -> 0 | W82: =IF(H82="RB",1,0) -> 1 | X82: =IF(H82="WR",1,0) -> 0 | Y82: =IF(H82="TE",1,0) -> 0 | Z82: =IF(OR(H82="RB",H82="WR",H82="TE"),1,0) -> 1 | AA82: 1 | AB82: =VLOOKUP(F82,[1]pff_ppr_projections!$B:$D,3,FALSE) -> 188.2 | AC82: =VLOOKUP(F82,[2]numberFire_ppr_projections!$A:$B,2,FALSE) -> 181.3 | AD82: =VLOOKUP(F82,[3]rotoballer_ppr_projections!$B:$G,6,FALSE) -> 177 | AE82: =VLOOKUP(F82,[4]ppr!$B:$E,4,FALSE) -> 191.21323 | AF82: =VLOOKUP(F82,[4]half_ppr!$B:$E,4,FALSE) -> 170.44727 | AG82: =VLOOKUP(F82,[4]std!$B:$E,4,FALSE) -> 149.6813 | AH82: =IFERROR(VLOOKUP(F82,[5]actual_week11_ppr_stats!$A:$B,2,FALSE),0) -> 118.5
A83: 82 | B83: 19469 | C83: Charbonnet, Zach | D83: {=_xlfn.TEXTSPLIT(C83, ", ")} -> Charbonnet | E83: Zach | F83: =_xlfn.REGEXREPLACE(E83 & " " & D83, "\.", "") -> Zach Charbonnet | G83: SEA | H83: RB | I83: 83.27 | J83: 62 | K83: 98 | L83: =VLOOKUP(G83,byes!$A:$B,2,FALSE) -> 8 | M83: =IF(L83=5,1,0) -> 0 | N83: =IF(L83=6,1,0) -> 0 | O83: =IF(L83=7,1,0) -> 0 | P83: =IF(L83=8,1,0) -> 1 | Q83: =IF(L83=9,1,0) -> 0 | R83: =IF(L83=10,1,0) -> 0 | S83: =IF(L83=11,1,0) -> 0 | T83: =IF(L83=12,1,0) -> 0 | U83: =IF(L83=14,1,0) -> 0 | V83: =IF(H83="QB", 1, 0) -> 0 | W83: =IF(H83="RB",1,0) -> 1 | X83: =IF(H83="WR",1,0) -> 0 | Y83: =IF(H83="TE",1,0) -> 0 | Z83: =IF(OR(H83="RB",H83="WR",H83="TE"),1,0) -> 1 | AA83: 1 | AB83: =VLOOKUP(F83,[1]pff_ppr_projections!$B:$D,3,FALSE) -> 153.9 | AC83: =VLOOKUP(F83,[2]numberFire_ppr_projections!$A:$B,2,FALSE) -> 151.2 | AD83: =VLOOKUP(F83,[3]rotoballer_ppr_projections!$B:$G,6,FALSE) -> 163 | AE83: =VLOOKUP(F83,[4]ppr!$B:$E,4,FALSE) -> 152.77562 | AF83: =VLOOKUP(F83,[4]half_ppr!$B:$E,4,FALSE) -> 134.90138 | AG83: =VLOOKUP(F83,[4]std!$B:$E,4,FALSE) -> 117.02714 | AH83: =IFERROR(VLOOKUP(F83,[5]actual_week11_ppr_stats!$A:$B,2,FALSE),0) -> 86.7
A84: 83 | B84: 17014 | C84: Hockenson, T.J. | D84: {=_xlfn.TEXTSPLIT(C84, ", ")} -> Hockenson | E84: T.J. | F84: =_xlfn.REGEXREPLACE(E84 & " " & D84, "\.", "") -> TJ Hockenson | G84: MIN | H84: TE | I84: 84.68 | J84: 58 | K84: 110 | L84: =VLOOKUP(G84,byes!$A:$B,2,FALSE) -> 6 | M84: =IF(L84=5,1,0) -> 0 | N84: =IF(L84=6,1,0) -> 1 | O84: =IF(L84=7,1,0) -> 0 | P84: =IF(L84=8,1,0) -> 0 | Q84: =IF(L84=9,1,0) -> 0 | R84: =IF(L84=10,1,0) -> 0 | S84: =IF(L84=11,1,0) -> 0 | T84: =IF(L84=12,1,0) -> 0 | U84: =IF(L84=14,1,0) -> 0 | V84: =IF(H84="QB", 1, 0) -> 0 | W84: =IF(H84="RB",1,0) -> 0 | X84: =IF(H84="WR",1,0) -> 0 | Y84: =IF(H84="TE",1,0) -> 1 | Z84: =IF(OR(H84="RB",H84="WR",H84="TE"),1,0) -> 1 | AA84: 1 | AB84: =VLOOKUP(F84,[1]pff_ppr_projections!$B:$D,3,FALSE) -> 186.8 | AC84: =VLOOKUP(F84,[2]numberFire_ppr_projections!$A:$B,2,FALSE) -> 200.1 | AD84: =VLOOKUP(F84,[3]rotoballer_ppr_projections!$B:$G,6,FALSE) -> 175 | AE84: =VLOOKUP(F84,[4]ppr!$B:$E,4,FALSE) -> 162.97015 | AF84: =VLOOKUP(F84,[4]half_ppr!$B:$E,4,FALSE) -> 130.03358 | AG84: =VLOOKUP(F84,[4]std!$B:$E,4,FALSE) -> 97.097012 | AH84: =IFERROR(VLOOKUP(F84,[5]actual_week11_ppr_stats!$A:$B,2,FALSE),0) -> 74
A85: 84 | B85: 22067 | C85: Warren, Tyler | D85: {=_xlfn.TEXTSPLIT(C85, ", ")} -> Warren | E85: Tyler | F85: =_xlfn.REGEXREPLACE(E85 & " " & D85, "\.", "") -> Tyler Warren | G85: IND | H85: TE | I85: 85.43 | J85: 68 | K85: 104 | L85: =VLOOKUP(G85,byes!$A:$B,2,FALSE) -> 11 | M85: =IF(L85=5,1,0) -> 0 | N85: =IF(L85=6,1,0) -> 0 | O85: =IF(L85=7,1,0) -> 0 | P85: =IF(L85=8,1,0) -> 0 | Q85: =IF(L85=9,1,0) -> 0 | R85: =IF(L85=10,1,0) -> 0 | S85: =IF(L85=11,1,0) -> 1 | T85: =IF(L85=12,1,0) -> 0 | U85: =IF(L85=14,1,0) -> 0 | V85: =IF(H85="QB", 1, 0) -> 0 | W85: =IF(H85="RB",1,0) -> 0 | X85: =IF(H85="WR",1,0) -> 0 | Y85: =IF(H85="TE",1,0) -> 1 | Z85: =IF(OR(H85="RB",H85="WR",H85="TE"),1,0) -> 1 | AA85: =IF(OR(H85="RB",H85="WR",H85="TE", H85="QB"),1,0) -> 1 | AB85: =VLOOKUP(F85,[1]pff_ppr_projections!$B:$D,3,FALSE) -> 151.4 | AC85: =VLOOKUP(F85,[2]numberFire_ppr_projections!$A:$B,2,FALSE) -> 145.6 | AD85: =VLOOKUP(F85,[3]rotoballer_ppr_projections!$B:$G,6,FALSE) -> 159 | AE85: =VLOOKUP(F85,[4]ppr!$B:$E,4,FALSE) -> 143.57886 | AF85: =VLOOKUP(F85,[4]half_ppr!$B:$E,4,FALSE) -> 116.30324 | AG85: =VLOOKUP(F85,[4]std!$B:$E,4,FALSE) -> 89.02762 | AH85: =IFERROR(VLOOKUP(F85,[5]actual_week11_ppr_stats!$A:$B,2,FALSE),0) -> 136.3
A86: 85 | B86: 22098 | C86: Johnson, Kaleb | D86: {=_xlfn.TEXTSPLIT(C86, ", ")} -> Johnson | E86: Kaleb | F86: =_xlfn.REGEXREPLACE(E86 & " " & D86, "\.", "") -> Kaleb Johnson | G86: PIT | H86: RB | I86: 86.55 | J86: 66 | K86: 109 | L86: =VLOOKUP(G86,byes!$A:$B,2,FALSE) -> 5 | M86: =IF(L86=5,1,0) -> 1 | N86: =IF(L86=6,1,0) -> 0 | O86: =IF(L86=7,1,0) -> 0 | P86: =IF(L86=8,1,0) -> 0 | Q86: =IF(L86=9,1,0) -> 0 | R86: =IF(L86=10,1,0) -> 0 | S86: =IF(L86=11,1,0) -> 0 | T86: =IF(L86=12,1,0) -> 0 | U86: =IF(L86=14,1,0) -> 0 | V86: =IF(H86="QB", 1, 0) -> 0 | W86: =IF(H86="RB",1,0) -> 1 | X86: =IF(H86="WR",1,0) -> 0 | Y86: =IF(H86="TE",1,0) -> 0 | Z86: =IF(OR(H86="RB",H86="WR",H86="TE"),1,0) -> 1 | AA86: 1 | AB86: =VLOOKUP(F86,[1]pff_ppr_projections!$B:$D,3,FALSE) -> 155.3 | AC86: =VLOOKUP(F86,[2]numberFire_ppr_projections!$A:$B,2,FALSE) -> 136.7 | AD86: =VLOOKUP(F86,[3]rotoballer_ppr_projections!$B:$G,6,FALSE) -> 162 | AE86: =VLOOKUP(F86,[4]ppr!$B:$E,4,FALSE) -> 153.92102 | AF86: =VLOOKUP(F86,[4]half_ppr!$B:$E,4,FALSE) -> 147.22915 | AG86: =VLOOKUP(F86,[4]std!$B:$E,4,FALSE) -> 140.53728 | AH86: =IFERROR(VLOOKUP(F86,[5]actual_week11_ppr_stats!$A:$B,2,FALSE),0) -> 7.7
A87: 86 | B87: 19872 | C87: Mason, Jordan | D87: {=_xlfn.TEXTSPLIT(C87, ", ")} -> Mason | E87: Jordan | F87: =_xlfn.REGEXREPLACE(E87 & " " & D87, "\.", "") -> Jordan Mason | G87: MIN | H87: RB | I87: 87.26 | J87: 61 | K87: 103 | L87: =VLOOKUP(G87,byes!$A:$B,2,FALSE) -> 6 | M87: =IF(L87=5,1,0) -> 0 | N87: =IF(L87=6,1,0) -> 1 | O87: =IF(L87=7,1,0) -> 0 | P87: =IF(L87=8,1,0) -> 0 | Q87: =IF(L87=9,1,0) -> 0 | R87: =IF(L87=10,1,0) -> 0 | S87: =IF(L87=11,1,0) -> 0 | T87: =IF(L87=12,1,0) -> 0 | U87: =IF(L87=14,1,0) -> 0 | V87: =IF(H87="QB", 1, 0) -> 0 | W87: =IF(H87="RB",1,0) -> 1 | X87: =IF(H87="WR",1,0) -> 0 | Y87: =IF(H87="TE",1,0) -> 0 | Z87: =IF(OR(H87="RB",H87="WR",H87="TE"),1,0) -> 1 | AA87: 1 | AB87: =VLOOKUP(F87,[1]pff_ppr_projections!$B:$D,3,FALSE) -> 126 | AC87: =VLOOKUP(F87,[2]numberFire_ppr_projections!$A:$B,2,FALSE) -> 141.9 | AD87: =VLOOKUP(F87,[3]rotoballer_ppr_projections!$B:$G,6,FALSE) -> 136 | AE87: =VLOOKUP(F87,[4]ppr!$B:$E,4,FALSE) -> 144.67247 | AF87: =VLOOKUP(F87,[4]half_ppr!$B:$E,4,FALSE) -> 136.59214 | AG87: =VLOOKUP(F87,[4]std!$B:$E,4,FALSE) -> 128.5118 | AH87: =IFERROR(VLOOKUP(F87,[5]actual_week11_ppr_stats!$A:$B,2,FALSE),0) -> 95.3
A88: 87 | B88: 18033 | C88: Jennings, Jauan | D88: {=_xlfn.TEXTSPLIT(C88, ", ")} -> Jennings | E88: Jauan | F88: =_xlfn.REGEXREPLACE(E88 & " " & D88, "\.", "") -> Jauan Jennings | G88: SF | H88: WR | I88: 87.65 | J88: 70 | K88: 114 | L88: =VLOOKUP(G88,byes!$A:$B,2,FALSE) -> 14 | M88: =IF(L88=5,1,0) -> 0 | N88: =IF(L88=6,1,0) -> 0 | O88: =IF(L88=7,1,0) -> 0 | P88: =IF(L88=8,1,0) -> 0 | Q88: =IF(L88=9,1,0) -> 0 | R88: =IF(L88=10,1,0) -> 0 | S88: =IF(L88=11,1,0) -> 0 | T88: =IF(L88=12,1,0) -> 0 | U88: =IF(L88=14,1,0) -> 1 | V88: =IF(H88="QB", 1, 0) -> 0 | W88: =IF(H88="RB",1,0) -> 0 | X88: =IF(H88="WR",1,0) -> 1 | Y88: =IF(H88="TE",1,0) -> 0 | Z88: =IF(OR(H88="RB",H88="WR",H88="TE"),1,0) -> 1 | AA88: 1 | AB88: =VLOOKUP(F88,[1]pff_ppr_projections!$B:$D,3,FALSE) -> 189.8 | AC88: =VLOOKUP(F88,[2]numberFire_ppr_projections!$A:$B,2,FALSE) -> 231 | AD88: =VLOOKUP(F88,[3]rotoballer_ppr_projections!$B:$G,6,FALSE) -> 190 | AE88: =VLOOKUP(F88,[4]ppr!$B:$E,4,FALSE) -> 189.00872 | AF88: =VLOOKUP(F88,[4]half_ppr!$B:$E,4,FALSE) -> 155.06319 | AG88: =VLOOKUP(F88,[4]std!$B:$E,4,FALSE) -> 121.11765 | AH88: =IFERROR(VLOOKUP(F88,[5]actual_week11_ppr_stats!$A:$B,2,FALSE),0) -> 87.8
A89: 88 | B89: 19462 | C89: Shakir, Khalil | D89: {=_xlfn.TEXTSPLIT(C89, ", ")} -> Shakir | E89: Khalil | F89: =_xlfn.REGEXREPLACE(E89 & " " & D89, "\.", "") -> Khalil Shakir | G89: BUF | H89: WR | I89: 89.76 | J89: 74 | K89: 118 | L89: =VLOOKUP(G89,byes!$A:$B,2,FALSE) -> 7 | M89: =IF(L89=5,1,0) -> 0 | N89: =IF(L89=6,1,0) -> 0 | O89: =IF(L89=7,1,0) -> 1 | P89: =IF(L89=8,1,0) -> 0 | Q89: =IF(L89=9,1,0) -> 0 | R89: =IF(L89=10,1,0) -> 0 | S89: =IF(L89=11,1,0) -> 0 | T89: =IF(L89=12,1,0) -> 0 | U89: =IF(L89=14,1,0) -> 0 | V89: =IF(H89="QB", 1, 0) -> 0 | W89: =IF(H89="RB",1,0) -> 0 | X89: =IF(H89="WR",1,0) -> 1 | Y89: =IF(H89="TE",1,0) -> 0 | Z89: =IF(OR(H89="RB",H89="WR",H89="TE"),1,0) -> 1 | AA89: =IF(OR(H89="RB",H89="WR",H89="TE", H89="QB"),1,0) -> 1 | AB89: =VLOOKUP(F89,[1]pff_ppr_projections!$B:$D,3,FALSE) -> 193.8 | AC89: =VLOOKUP(F89,[2]numberFire_ppr_projections!$A:$B,2,FALSE) -> 176.5 | AD89: =VLOOKUP(F89,[3]rotoballer_ppr_projections!$B:$G,6,FALSE) -> 185 | AE89: =VLOOKUP(F89,[4]ppr!$B:$E,4,FALSE) -> 181.37083 | AF89: =VLOOKUP(F89,[4]half_ppr!$B:$E,4,FALSE) -> 146.85031 | AG89: =VLOOKUP(F89,[4]std!$B:$E,4,FALSE) -> 112.32978 | AH89: =IFERROR(VLOOKUP(F89,[5]actual_week11_ppr_stats!$A:$B,2,FALSE),0) -> 128.9
A90: 89 | B90: 16069 | C90: Mayfield, Baker | D90: {=_xlfn.TEXTSPLIT(C90, ", ")} -> Mayfield | E90: Baker | F90: =_xlfn.REGEXREPLACE(E90 & " " & D90, "\.", "") -> Baker Mayfield | G90: TB | H90: QB | I90: 90.99 | J90: 55 | K90: 126 | L90: =VLOOKUP(G90,byes!$A:$B,2,FALSE) -> 9 | M90: =IF(L90=5,1,0) -> 0 | N90: =IF(L90=6,1,0) -> 0 | O90: =IF(L90=7,1,0) -> 0 | P90: =IF(L90=8,1,0) -> 0 | Q90: =IF(L90=9,1,0) -> 1 | R90: =IF(L90=10,1,0) -> 0 | S90: =IF(L90=11,1,0) -> 0 | T90: =IF(L90=12,1,0) -> 0 | U90: =IF(L90=14,1,0) -> 0 | V90: =IF(H90="QB", 1, 0) -> 1 | W90: =IF(H90="RB",1,0) -> 0 | X90: =IF(H90="WR",1,0) -> 0 | Y90: =IF(H90="TE",1,0) -> 0 | Z90: =IF(OR(H90="RB",H90="WR",H90="TE"),1,0) -> 0 | AA90: 1 | AB90: =VLOOKUP(F90,[1]pff_ppr_projections!$B:$D,3,FALSE) -> 297 | AC90: =VLOOKUP(F90,[2]numberFire_ppr_projections!$A:$B,2,FALSE) -> 320.8 | AD90: =VLOOKUP(F90,[3]rotoballer_ppr_projections!$B:$G,6,FALSE) -> 317 | AE90: =VLOOKUP(F90,[4]ppr!$B:$E,4,FALSE) -> 332.28435 | AF90: =VLOOKUP(F90,[4]half_ppr!$B:$E,4,FALSE) -> 332.28435 | AG90: =VLOOKUP(F90,[4]std!$B:$E,4,FALSE) -> 332.28435 | AH90: =IFERROR(VLOOKUP(F90,[5]actual_week11_ppr_stats!$A:$B,2,FALSE),0) -> 185.3
A91: 90 | B91: 18770 | C91: Etienne Jr., Travis | D91: {=_xlfn.TEXTSPLIT(C91, ", ")} -> Etienne Jr. | E91: Travis | F91: =_xlfn.REGEXREPLACE(E91 & " " & D91, "\.", "") -> Travis Etienne Jr | G91: JAX | H91: RB | I91: 91.63 | J91: 72 | K91: 119 | L91: =VLOOKUP(G91,byes!$A:$B,2,FALSE) -> 8 | M91: =IF(L91=5,1,0) -> 0 | N91: =IF(L91=6,1,0) -> 0 | O91: =IF(L91=7,1,0) -> 0 | P91: =IF(L91=8,1,0) -> 1 | Q91: =IF(L91=9,1,0) -> 0 | R91: =IF(L91=10,1,0) -> 0 | S91: =IF(L91=11,1,0) -> 0 | T91: =IF(L91=12,1,0) -> 0 | U91: =IF(L91=14,1,0) -> 0 | V91: =IF(H91="QB", 1, 0) -> 0 | W91: =IF(H91="RB",1,0) -> 1 | X91: =IF(H91="WR",1,0) -> 0 | Y91: =IF(H91="TE",1,0) -> 0 | Z91: =IF(OR(H91="RB",H91="WR",H91="TE"),1,0) -> 1 | AA91: 1 | AB91: =VLOOKUP(F91,[1]pff_ppr_projections!$B:$D,3,FALSE) -> 158.8 | AC91: =VLOOKUP(F91,[2]numberFire_ppr_projections!$A:$B,2,FALSE) -> 177.9 | AD91: =VLOOKUP(F91,[3]rotoballer_ppr_projections!$B:$G,6,FALSE) -> 148 | AE91: =VLOOKUP(F91,[4]ppr!$B:$E,4,FALSE) -> 164.68162 | AF91: =VLOOKUP(F91,[4]half_ppr!$B:$E,4,FALSE) -> 149.48378 | AG91: =VLOOKUP(F91,[4]std!$B:$E,4,FALSE) -> 134.28594 | AH91: =IFERROR(VLOOKUP(F91,[5]actual_week11_ppr_stats!$A:$B,2,FALSE),0) -> 142.9
A92: 91 | B92: 17963 | C92: Dobbins, J.K. | D92: {=_xlfn.TEXTSPLIT(C92, ", ")} -> Dobbins | E92: J.K. | F92: =_xlfn.REGEXREPLACE(E92 & " " & D92, "\.", "") -> JK Dobbins | G92: DEN | H92: RB | I92: 91.64 | J92: 71 | K92: 117 | L92: =VLOOKUP(G92,byes!$A:$B,2,FALSE) -> 12 | M92: =IF(L92=5,1,0) -> 0 | N92: =IF(L92=6,1,0) -> 0 | O92: =IF(L92=7,1,0) -> 0 | P92: =IF(L92=8,1,0) -> 0 | Q92: =IF(L92=9,1,0) -> 0 | R92: =IF(L92=10,1,0) -> 0 | S92: =IF(L92=11,1,0) -> 0 | T92: =IF(L92=12,1,0) -> 1 | U92: =IF(L92=14,1,0) -> 0 | V92: =IF(H92="QB", 1, 0) -> 0 | W92: =IF(H92="RB",1,0) -> 1 | X92: =IF(H92="WR",1,0) -> 0 | Y92: =IF(H92="TE",1,0) -> 0 | Z92: =IF(OR(H92="RB",H92="WR",H92="TE"),1,0) -> 1 | AA92: 1 | AB92: =VLOOKUP(F92,[1]pff_ppr_projections!$B:$D,3,FALSE) -> 108.8 | AC92: =VLOOKUP(F92,[2]numberFire_ppr_projections!$A:$B,2,FALSE) -> 152 | AD92: =AVERAGE(AB92,AC92,AE92) -> 146.78029 | AE92: =VLOOKUP(F92,[4]ppr!$B:$E,4,FALSE) -> 179.54088 | AF92: =VLOOKUP(F92,[4]half_ppr!$B:$E,4,FALSE) -> 159.94204 | AG92: =VLOOKUP(F92,[4]std!$B:$E,4,FALSE) -> 140.34321 | AH92: =IFERROR(VLOOKUP(F92,[5]actual_week11_ppr_stats!$A:$B,2,FALSE),0) -> 115.9
A93: 92 | B93: 17995 | C93: Pittman Jr., Michael | D93: {=_xlfn.TEXTSPLIT(C93, ", ")} -> Pittman Jr. | E93: Michael | F93: =_xlfn.REGEXREPLACE(E93 & " " & D93, "\.", "") -> Michael Pittman Jr | G93: IND | H93: WR | I93: 93.05 | J93: 62 | K93: 112 | L93: =VLOOKUP(G93,byes!$A:$B,2,FALSE) -> 11 | M93: =IF(L93=5,1,0) -> 0 | N93: =IF(L93=6,1,0) -> 0 | O93: =IF(L93=7,1,0) -> 0 | P93: =IF(L93=8,1,0) -> 0 | Q93: =IF(L93=9,1,0) -> 0 | R93: =IF(L93=10,1,0) -> 0 | S93: =IF(L93=11,1,0) -> 1 | T93: =IF(L93=12,1,0) -> 0 | U93: =IF(L93=14,1,0) -> 0 | V93: =IF(H93="QB", 1, 0) -> 0 | W93: =IF(H93="RB",1,0) -> 0 | X93: =IF(H93="WR",1,0) -> 1 | Y93: =IF(H93="TE",1,0) -> 0 | Z93: =IF(OR(H93="RB",H93="WR",H93="TE"),1,0) -> 1 | AA93: =IF(OR(H93="RB",H93="WR",H93="TE", H93="QB"),1,0) -> 1 | AB93: =VLOOKUP(F93,[1]pff_ppr_projections!$B:$D,3,FALSE) -> 170.1 | AC93: =VLOOKUP(F93,[2]numberFire_ppr_projections!$A:$B,2,FALSE) -> 191.8 | AD93: =VLOOKUP(F93,[3]rotoballer_ppr_projections!$B:$G,6,FALSE) -> 194 | AE93: =VLOOKUP(F93,[4]ppr!$B:$E,4,FALSE) -> 165.99442 | AF93: =VLOOKUP(F93,[4]half_ppr!$B:$E,4,FALSE) -> 133.87476 | AG93: =VLOOKUP(F93,[4]std!$B:$E,4,FALSE) -> 101.7551 | AH93: =IFERROR(VLOOKUP(F93,[5]actual_week11_ppr_stats!$A:$B,2,FALSE),0) -> 148
A94: 93 | B94: 21130 | C94: Coleman, Keon | D94: {=_xlfn.TEXTSPLIT(C94, ", ")} -> Coleman | E94: Keon | F94: =_xlfn.REGEXREPLACE(E94 & " " & D94, "\.", "") -> Keon Coleman | G94: BUF | H94: WR | I94: 93.39 | J94: 72 | K94: 110 | L94: =VLOOKUP(G94,byes!$A:$B,2,FALSE) -> 7 | M94: =IF(L94=5,1,0) -> 0 | N94: =IF(L94=6,1,0) -> 0 | O94: =IF(L94=7,1,0) -> 1 | P94: =IF(L94=8,1,0) -> 0 | Q94: =IF(L94=9,1,0) -> 0 | R94: =IF(L94=10,1,0) -> 0 | S94: =IF(L94=11,1,0) -> 0 | T94: =IF(L94=12,1,0) -> 0 | U94: =IF(L94=14,1,0) -> 0 | V94: =IF(H94="QB", 1, 0) -> 0 | W94: =IF(H94="RB",1,0) -> 0 | X94: =IF(H94="WR",1,0) -> 1 | Y94: =IF(H94="TE",1,0) -> 0 | Z94: =IF(OR(H94="RB",H94="WR",H94="TE"),1,0) -> 1 | AA94: 1 | AB94: =VLOOKUP(F94,[1]pff_ppr_projections!$B:$D,3,FALSE) -> 173.4 | AC94: =VLOOKUP(F94,[2]numberFire_ppr_projections!$A:$B,2,FALSE) -> 185.4 | AD94: =VLOOKUP(F94,[3]rotoballer_ppr_projections!$B:$G,6,FALSE) -> 164 | AE94: =VLOOKUP(F94,[4]ppr!$B:$E,4,FALSE) -> 174.75806 | AF94: =VLOOKUP(F94,[4]half_ppr!$B:$E,4,FALSE) -> 144.43918 | AG94: =VLOOKUP(F94,[4]std!$B:$E,4,FALSE) -> 114.12029 | AH94: =IFERROR(VLOOKUP(F94,[5]actual_week11_ppr_stats!$A:$B,2,FALSE),0) -> 83
A95: 94 | B95: 15283 | C95: Kupp, Cooper | D95: {=_xlfn.TEXTSPLIT(C95, ", ")} -> Kupp | E95: Cooper | F95: =_xlfn.REGEXREPLACE(E95 & " " & D95, "\.", "") -> Cooper Kupp | G95: SEA | H95: WR | I95: 93.71 | J95: 69 | K95: 113 | L95: =VLOOKUP(G95,byes!$A:$B,2,FALSE) -> 8 | M95: =IF(L95=5,1,0) -> 0 | N95: =IF(L95=6,1,0) -> 0 | O95: =IF(L95=7,1,0) -> 0 | P95: =IF(L95=8,1,0) -> 1 | Q95: =IF(L95=9,1,0) -> 0 | R95: =IF(L95=10,1,0) -> 0 | S95: =IF(L95=11,1,0) -> 0 | T95: =IF(L95=12,1,0) -> 0 | U95: =IF(L95=14,1,0) -> 0 | V95: =IF(H95="QB", 1, 0) -> 0 | W95: =IF(H95="RB",1,0) -> 0 | X95: =IF(H95="WR",1,0) -> 1 | Y95: =IF(H95="TE",1,0) -> 0 | Z95: =IF(OR(H95="RB",H95="WR",H95="TE"),1,0) -> 1 | AA95: 1 | AB95: =VLOOKUP(F95,[1]pff_ppr_projections!$B:$D,3,FALSE) -> 176.8 | AC95: =VLOOKUP(F95,[2]numberFire_ppr_projections!$A:$B,2,FALSE) -> 202.7 | AD95: =VLOOKUP(F95,[3]rotoballer_ppr_projections!$B:$G,6,FALSE) -> 194 | AE95: =VLOOKUP(F95,[4]ppr!$B:$E,4,FALSE) -> 225.41614 | AF95: =VLOOKUP(F95,[4]half_ppr!$B:$E,4,FALSE) -> 183.21919 | AG95: =VLOOKUP(F95,[4]std!$B:$E,4,FALSE) -> 141.02223 | AH95: =IFERROR(VLOOKUP(F95,[5]actual_week11_ppr_stats!$A:$B,2,FALSE),0) -> 74
A96: 95 | B96: 14553 | C96: Prescott, Dak | D96: {=_xlfn.TEXTSPLIT(C96, ", ")} -> Prescott | E96: Dak | F96: =_xlfn.REGEXREPLACE(E96 & " " & D96, "\.", "") -> Dak Prescott | G96: DAL | H96: QB | I96: 93.97 | J96: 60 | K96: 134 | L96: =VLOOKUP(G96,byes!$A:$B,2,FALSE) -> 10 | M96: =IF(L96=5,1,0) -> 0 | N96: =IF(L96=6,1,0) -> 0 | O96: =IF(L96=7,1,0) -> 0 | P96: =IF(L96=8,1,0) -> 0 | Q96: =IF(L96=9,1,0) -> 0 | R96: =IF(L96=10,1,0) -> 1 | S96: =IF(L96=11,1,0) -> 0 | T96: =IF(L96=12,1,0) -> 0 | U96: =IF(L96=14,1,0) -> 0 | V96: =IF(H96="QB", 1, 0) -> 1 | W96: =IF(H96="RB",1,0) -> 0 | X96: =IF(H96="WR",1,0) -> 0 | Y96: =IF(H96="TE",1,0) -> 0 | Z96: =IF(OR(H96="RB",H96="WR",H96="TE"),1,0) -> 0 | AA96: 1 | AB96: =VLOOKUP(F96,[1]pff_ppr_projections!$B:$D,3,FALSE) -> 276.1 | AC96: =AVERAGE(AB96,AD96,AE96) -> 282.79553 | AD96: =VLOOKUP(F96,[3]rotoballer_ppr_projections!$B:$G,6,FALSE) -> 268 | AE96: =VLOOKUP(F96,[4]ppr!$B:$E,4,FALSE) -> 304.28658 | AF96: =VLOOKUP(F96,[4]half_ppr!$B:$E,4,FALSE) -> 304.28658 | AG96: =VLOOKUP(F96,[4]std!$B:$E,4,FALSE) -> 304.28658 | AH96: =IFERROR(VLOOKUP(F96,[5]actual_week11_ppr_stats!$A:$B,2,FALSE),0) -> 199.2
A97: 96 | B97: 20299 | C97: Nix, Bo | D97: {=_xlfn.TEXTSPLIT(C97, ", ")} -> Nix | E97: Bo | F97: =_xlfn.REGEXREPLACE(E97 & " " & D97, "\.", "") -> Bo Nix | G97: DEN | H97: QB | I97: 94.2 | J97: 68 | K97: 129 | L97: =VLOOKUP(G97,byes!$A:$B,2,FALSE) -> 12 | M97: =IF(L97=5,1,0) -> 0 | N97: =IF(L97=6,1,0) -> 0 | O97: =IF(L97=7,1,0) -> 0 | P97: =IF(L97=8,1,0) -> 0 | Q97: =IF(L97=9,1,0) -> 0 | R97: =IF(L97=10,1,0) -> 0 | S97: =IF(L97=11,1,0) -> 0 | T97: =IF(L97=12,1,0) -> 1 | U97: =IF(L97=14,1,0) -> 0 | V97: =IF(H97="QB", 1, 0) -> 1 | W97: =IF(H97="RB",1,0) -> 0 | X97: =IF(H97="WR",1,0) -> 0 | Y97: =IF(H97="TE",1,0) -> 0 | Z97: =IF(OR(H97="RB",H97="WR",H97="TE"),1,0) -> 0 | AA97: =IF(OR(H97="RB",H97="WR",H97="TE", H97="QB"),1,0) -> 1 | AB97: =VLOOKUP(F97,[1]pff_ppr_projections!$B:$D,3,FALSE) -> 279.9 | AC97: =VLOOKUP(F97,[2]numberFire_ppr_projections!$A:$B,2,FALSE) -> 314.9 | AD97: =VLOOKUP(F97,[3]rotoballer_ppr_projections!$B:$G,6,FALSE) -> 296 | AE97: =VLOOKUP(F97,[4]ppr!$B:$E,4,FALSE) -> 306.64607 | AF97: =VLOOKUP(F97,[4]half_ppr!$B:$E,4,FALSE) -> 306.64607 | AG97: =VLOOKUP(F97,[4]std!$B:$E,4,FALSE) -> 306.64607 | AH97: =IFERROR(VLOOKUP(F97,[5]actual_week11_ppr_stats!$A:$B,2,FALSE),0) -> 200.1
A98: 97 | B98: 20283 | C98: Downs, Josh | D98: {=_xlfn.TEXTSPLIT(C98, ", ")} -> Downs | E98: Josh | F98: =_xlfn.REGEXREPLACE(E98 & " " & D98, "\.", "") -> Josh Downs | G98: IND | H98: WR | I98: 94.82 | J98: 74 | K98: 117 | L98: =VLOOKUP(G98,byes!$A:$B,2,FALSE) -> 11 | M98: =IF(L98=5,1,0) -> 0 | N98: =IF(L98=6,1,0) -> 0 | O98: =IF(L98=7,1,0) -> 0 | P98: =IF(L98=8,1,0) -> 0 | Q98: =IF(L98=9,1,0) -> 0 | R98: =IF(L98=10,1,0) -> 0 | S98: =IF(L98=11,1,0) -> 1 | T98: =IF(L98=12,1,0) -> 0 | U98: =IF(L98=14,1,0) -> 0 | V98: =IF(H98="QB", 1, 0) -> 0 | W98: =IF(H98="RB",1,0) -> 0 | X98: =IF(H98="WR",1,0) -> 1 | Y98: =IF(H98="TE",1,0) -> 0 | Z98: =IF(OR(H98="RB",H98="WR",H98="TE"),1,0) -> 1 | AA98: 1 | AB98: =VLOOKUP(F98,[1]pff_ppr_projections!$B:$D,3,FALSE) -> 181.4 | AC98: =VLOOKUP(F98,[2]numberFire_ppr_projections!$A:$B,2,FALSE) -> 161.7 | AD98: =VLOOKUP(F98,[3]rotoballer_ppr_projections!$B:$G,6,FALSE) -> 175 | AE98: =VLOOKUP(F98,[4]ppr!$B:$E,4,FALSE) -> 178.78881 | AF98: =VLOOKUP(F98,[4]half_ppr!$B:$E,4,FALSE) -> 145.94737 | AG98: =VLOOKUP(F98,[4]std!$B:$E,4,FALSE) -> 113.10593 | AH98: =IFERROR(VLOOKUP(F98,[5]actual_week11_ppr_stats!$A:$B,2,FALSE),0) -> 85.6
A99: 98 | B99: 22130 | C99: Croskey-Merritt, Jacory | D99: {=_xlfn.TEXTSPLIT(C99, ", ")} -> Croskey-Merritt | E99: Jacory | F99: =_xlfn.REGEXREPLACE(E99 & " " & D99, "\.", "") -> Jacory Croskey-Merritt | G99: WAS | H99: RB | I99: 95.83 | J99: 73 | K99: 126 | L99: =VLOOKUP(G99,byes!$A:$B,2,FALSE) -> 12 | M99: =IF(L99=5,1,0) -> 0 | N99: =IF(L99=6,1,0) -> 0 | O99: =IF(L99=7,1,0) -> 0 | P99: =IF(L99=8,1,0) -> 0 | Q99: =IF(L99=9,1,0) -> 0 | R99: =IF(L99=10,1,0) -> 0 | S99: =IF(L99=11,1,0) -> 0 | T99: =IF(L99=12,1,0) -> 1 | U99: =IF(L99=14,1,0) -> 0 | V99: =IF(H99="QB", 1, 0) -> 0 | W99: =IF(H99="RB",1,0) -> 1 | X99: =IF(H99="WR",1,0) -> 0 | Y99: =IF(H99="TE",1,0) -> 0 | Z99: =IF(OR(H99="RB",H99="WR",H99="TE"),1,0) -> 1 | AA99: 1 | AB99: =AVERAGE(AD99,AE99) -> 154.3895 | AC99: =AVERAGE(AD99,AE99) -> 154.3895 | AD99: =VLOOKUP(F99,[3]rotoballer_ppr_projections!$B:$G,6,FALSE) -> 143 | AE99: =VLOOKUP(F99,[4]ppr!$B:$E,4,FALSE) -> 165.77901 | AF99: =VLOOKUP(F99,[4]half_ppr!$B:$E,4,FALSE) -> 156.56854 | AG99: =VLOOKUP(F99,[4]std!$B:$E,4,FALSE) -> 147.35807 | AH99: =IFERROR(VLOOKUP(F99,[5]actual_week11_ppr_stats!$A:$B,2,FALSE),0) -> 89.6
A100: 99 | B100: 16075 | C100: Andrews, Mark | D100: {=_xlfn.TEXTSPLIT(C100, ", ")} -> Andrews | E100: Mark | F100: =_xlfn.REGEXREPLACE(E100 & " " & D100, "\.", "") -> Mark Andrews | G100: BAL | H100: TE | I100: 97.46 | J100: 57 | K100: 126 | L100: =VLOOKUP(G100,byes!$A:$B,2,FALSE) -> 7 | M100: =IF(L100=5,1,0) -> 0 | N100: =IF(L100=6,1,0) -> 0 | O100: =IF(L100=7,1,0) -> 1 | P100: =IF(L100=8,1,0) -> 0 | Q100: =IF(L100=9,1,0) -> 0 | R100: =IF(L100=10,1,0) -> 0 | S100: =IF(L100=11,1,0) -> 0 | T100: =IF(L100=12,1,0) -> 0 | U100: =IF(L100=14,1,0) -> 0 | V100: =IF(H100="QB", 1, 0) -> 0 | W100: =IF(H100="RB",1,0) -> 0 | X100: =IF(H100="WR",1,0) -> 0 | Y100: =IF(H100="TE",1,0) -> 1 | Z100: =IF(OR(H100="RB",H100="WR",H100="TE"),1,0) -> 1 | AA100: 1 | AB100: =VLOOKUP(F100,[1]pff_ppr_projections!$B:$D,3,FALSE) -> 154.8 | AC100: =VLOOKUP(F100,[2]numberFire_ppr_projections!$A:$B,2,FALSE) -> 197.4 | AD100: =VLOOKUP(F100,[3]rotoballer_ppr_projections!$B:$G,6,FALSE) -> 179 | AE100: =VLOOKUP(F100,[4]ppr!$B:$E,4,FALSE) -> 180.78211 | AF100: =VLOOKUP(F100,[4]half_ppr!$B:$E,4,FALSE) -> 149.26701 | AG100: =VLOOKUP(F100,[4]std!$B:$E,4,FALSE) -> 117.75191 | AH100: =IFERROR(VLOOKUP(F100,[5]actual_week11_ppr_stats!$A:$B,2,FALSE),0) -> 99.9
...

Sheet byes
A1: Team | B1: Bye Week
A2: ATL | B2: 5
A3: CHI | B3: 5
A4: GB | B4: 5
A5: PIT | B5: 5
A6: HOU | B6: 6
A7: MIN | B7: 6
A8: BAL | B8: 7
A9: BUF | B9: 7
A10: ARZ | B10: 8
A11: DET | B11: 8
A12: JAX | B12: 8
A13: LV | B13: 8
... A33: SF | B33: 14
